payment_id,policy_id,payment_date,payment_amount
1,1000,2025-01-25,1616.58
2,283,2024-06-16,7807.75
3,362,2024-12-23,6713.14
4,416,2024-06-24,5881.5
5,531,2025-05-30,202.9
6,721,2025-06-09,732.74
7,93,2026-02-06,5518.45
8,744,2025-11-17,8306.16
9,937,2026-05-23,5850.18
10,356,2024-11-19,9634.71
11,284,2025-10-05,-500.0
12,987,2026-03-12,1985.53
13,953,2025-04-25,4069.37
14,5,2024-09-12,2648.02
15,417,2025-03-25,5087.07
16,573,2026-03-10,770.24
17,302,2025-06-03,3432.66
18,120,2026-03-17,8039.28
19,980,2024-08-31,2614.05
20,551,2026-02-27,8140.82
21,589,2025-05-24,2538.91
22,454,2025-03-02,9662.25
23,577,2025-05-12,4862.12
24,250,2025-04-16,7586.86
25,985,2026-04-06,7767.21
26,698,2026-05-15,4634.17
27,601,2024-10-14,8627.13
28,494,2024-08-12,1206.87
29,70,2025-03-09,3857.6
30,808,2026-03-22,9942.27
31,694,2026-02-09,7026.7
32,820,2026-05-15,3191.52
33,979,2025-03-06,3563.31
34,549,2026-01-18,146.75
35,853,2024-11-27,2670.33
36,295,2025-09-25,975.44
37,690,2025-03-17,7500.44
38,351,2026-02-20,806.49
39,954,2025-09-27,1825.93
40,322,2025-02-09,3567.7
41,916,2024-07-24,5758.44
42,188,2024-06-23,9473.83
43,700,2025-07-08,9306.04
44,195,2024-11-05,5015.04
45,205,2025-01-20,2386.87
46,248,2025-10-05,8733.79
47,212,2025-05-04,2330.61
48,855,2025-07-29,2534.47
49,634,2024-07-16,3592.47
50,798,2024-07-22,1111.56
51,943,2025-02-25,830.95
52,979,2026-01-29,6651.07
53,629,2024-10-22,115.91
54,878,2026-03-08,5437.67
55,44,2024-06-28,8487.71
56,381,2024-08-09,6225.64
57,505,2024-10-06,8986.31
58,903,2024-08-18,8975.15
59,890,2026-01-18,2783.59
60,188,2024-09-29,9844.73
61,938,2025-10-21,5135.78
62,408,2025-12-09,2259.82
63,591,2025-11-08,1326.05
64,539,2025-08-08,8002.74
65,490,2024-10-29,9399.56
66,34,2026-02-11,5049.63
67,404,2026-02-17,8610.98
68,795,2026-01-18,1789.26
69,1000,2024-12-10,1247.66
70,531,2024-07-06,4627.7
71,706,2025-12-11,133.77
72,691,2024-08-14,2146.99
73,595,2025-05-19,1052.44
74,371,2025-08-11,6147.14
75,266,2024-07-08,1912.17
76,270,2025-02-02,2409.53
77,483,2025-11-17,9587.34
78,352,2025-06-06,3690.95
79,511,2025-11-09,4268.23
80,430,2024-08-02,7022.09
81,382,2025-12-27,3682.53
82,411,2024-11-12,2832.31
83,185,2024-06-17,5735.53
84,1003,2026-02-25,5780.13
85,235,2024-11-07,8151.2
86,739,2025-05-14,2735.99
87,242,2026-03-22,5575.63
88,877,2025-01-23,3839.79
89,150,2026-01-10,8010.37
90,757,2026-04-25,1538.0
91,826,2024-10-18,146.94
92,432,2025-03-24,5021.0
93,915,2026-01-17,8501.43
94,530,2025-06-18,5363.13
95,324,2025-06-04,7864.06
96,308,2025-04-29,2547.19
97,880,2026-01-22,5699.95
98,408,2024-12-11,1034.8
99,168,2024-10-22,647.36
100,834,2026-02-27,2580.18
101,860,2025-05-01,6317.13
102,461,2025-08-16,7458.7
103,267,2025-09-18,3641.57
104,574,2025-10-15,5597.04
105,830,2026-03-31,2614.26
106,21,2026-03-01,4147.02
107,360,2024-09-05,8680.32
108,987,2025-01-23,6075.48
109,591,2025-05-07,5780.15
110,665,2025-03-14,5407.46
111,1003,2025-02-07,7814.08
112,364,2025-09-16,3284.65
113,523,2024-10-05,4900.56
114,755,2024-12-23,4496.95
115,81,2024-12-14,3841.66
116,294,2025-11-27,4664.33
117,980,2025-04-24,1491.24
118,172,2026-05-06,6423.78
119,951,2024-08-01,3407.01
120,647,2026-04-10,6142.49
121,415,2026-04-21,8496.56
122,74,2024-08-10,837.16
123,352,2025-03-04,2320.77
124,325,2024-08-16,6547.48
125,728,2024-11-14,2711.35
126,661,2026-02-15,3984.78
127,909,2025-02-06,4476.74
128,884,2026-03-20,9390.76
129,766,2026-03-27,5889.85
130,989,2025-12-17,4530.37
131,172,2024-12-03,1879.67
132,24,2025-02-14,1294.15
133,241,2024-11-26,6637.12
134,964,2026-01-17,7451.56
135,768,2024-08-25,846.64
136,171,2025-01-20,4000.6
137,98,2025-01-13,684.73
138,900,2026-01-28,4758.2
139,56,2025-07-29,312.33
140,407,2026-04-23,5263.63
141,86,2025-03-15,1084.09
142,633,2025-02-21,1594.98
143,671,2025-08-29,9319.32
144,400,2024-12-06,3128.24
145,254,2025-05-16,7389.05
146,454,2025-10-21,6283.48
147,135,2024-10-17,5291.09
148,175,2025-10-09,334.28
149,680,2026-01-24,3600.57
150,938,2024-06-14,3285.75
151,488,2025-07-17,4698.58
152,892,2024-12-09,5428.81
153,279,2025-04-22,5508.03
154,139,2025-12-13,9696.95
155,715,2025-08-05,5415.91
156,606,2025-06-18,5995.96
157,647,2024-08-04,7501.67
158,899,2025-07-02,5661.65
159,537,2024-09-17,6415.88
160,547,2026-02-14,3131.13
161,356,2026-02-21,4842.43
162,233,2024-10-14,8056.84
163,453,2026-05-05,3113.29
164,423,2025-01-24,2635.08
165,311,2026-03-29,155.03
166,536,2025-08-21,8163.03
167,869,2025-03-11,1406.19
168,294,2024-06-04,4718.52
169,9,2025-04-08,6893.31
170,504,2025-12-31,9472.23
171,489,2024-09-29,3031.12
172,785,2024-07-16,4332.83
173,300,2025-12-21,5990.19
174,816,2025-03-19,121.82
175,383,2026-05-15,1926.28
176,904,2025-10-08,5627.52
177,405,2025-09-12,2536.47
178,733,2024-06-15,7384.32
179,400,2025-11-03,8292.85
180,226,2026-04-27,2666.65
181,433,2025-03-20,6271.96
182,530,2025-02-12,7657.16
183,932,2024-12-29,6151.5
184,711,2025-09-11,6862.17
185,292,2024-10-02,6502.15
186,545,2026-01-14,8097.65
187,423,2025-08-29,1920.61
188,71,2026-03-09,1864.95
189,297,2025-01-24,1148.05
190,467,2026-03-22,6196.41
191,279,2024-07-06,7019.7
192,504,2024-12-02,1918.5
193,20,2025-09-16,1563.89
194,993,2026-01-23,5372.96
195,191,2024-09-22,9724.71
196,289,2025-10-26,2728.49
197,733,2025-04-01,4412.25
198,9,2025-06-16,2366.46
199,155,2025-06-25,196.51
200,223,2024-07-01,3452.03
201,320,2025-08-30,7867.97
202,511,2025-02-01,9979.74
203,475,2026-01-21,6984.5
204,33,2025-05-28,3335.97
205,864,2026-04-17,7518.17
206,150,2025-07-11,607.58
207,795,2025-09-18,3954.6
208,557,2025-01-10,4727.96
209,197,2024-10-14,8962.2
210,257,2025-05-03,8181.64
211,849,2024-09-08,175.52
212,998,2024-07-13,7693.05
213,255,2026-01-04,3878.74
214,999,2024-10-13,4457.46
215,756,2025-03-10,9945.63
216,204,2026-04-01,4635.3
217,790,2024-12-06,984.91
218,682,2025-06-05,9822.05
219,485,2025-12-08,3921.77
220,985,2025-09-10,3155.49
221,331,2025-01-15,1628.18
222,746,2024-10-02,469.75
223,960,2024-12-28,5518.32
224,126,2025-02-18,2570.46
225,654,2025-05-10,3023.19
226,370,2025-08-16,8880.82
227,885,2026-03-02,6683.61
228,997,2025-11-03,1173.64
229,649,2024-10-29,4369.91
230,16,2025-03-11,1715.24
231,283,2024-12-15,5867.73
232,406,2025-04-16,7901.98
233,10,2025-11-20,9689.91
234,596,2025-07-08,7845.58
235,487,2025-01-20,6899.65
236,159,2024-09-12,3745.42
237,92,2025-01-16,2524.79
238,512,2024-11-08,959.45
239,634,2025-01-06,3417.3
240,993,2025-06-15,9969.88
241,641,2026-02-09,647.52
242,365,2025-05-08,6463.52
243,719,2026-04-21,5386.72
244,110,2024-06-01,1301.98
245,239,2025-09-10,3201.56
246,572,2024-10-17,7896.19
247,775,2025-06-12,3505.81
248,914,2025-07-11,4415.25
249,198,2024-06-20,262.46
250,387,2026-03-01,3613.77
251,138,2025-05-30,2544.43
252,41,2025-04-21,4878.76
253,449,2024-12-16,5612.3
254,556,2025-11-15,6985.53
255,195,2025-12-31,5688.68
256,557,2026-04-19,3509.26
257,750,2025-11-25,4710.53
258,889,2025-03-21,8321.93
259,937,2024-09-20,8612.58
260,165,2026-04-25,735.32
261,159,2026-02-11,4521.37
262,840,2025-09-12,2670.33
263,376,2026-01-30,4568.09
264,795,2025-09-01,6398.36
265,389,2025-09-04,7349.89
266,905,2026-05-08,236.26
267,878,2025-06-18,3672.55
268,636,2025-12-13,2425.93
269,739,2026-01-29,680.25
270,991,2025-05-12,5412.62
271,397,2026-04-08,1939.2
272,700,2025-12-31,5000.61
273,565,2024-12-23,1583.61
274,290,2024-12-31,3259.87
275,657,2025-01-17,3254.14
276,99,2024-08-12,5255.85
277,69,2025-07-09,485.58
278,961,2025-04-15,1341.25
279,895,2024-10-21,361.17
280,110,2025-12-09,4879.43
281,102,2024-12-04,366.58
282,658,2025-05-15,8371.18
283,674,2025-11-16,4924.6
284,639,2026-05-13,7028.07
285,263,2024-09-13,538.4
286,227,2025-01-07,6079.24
287,73,2025-10-26,180.21
288,944,2024-09-04,2126.94
289,504,2024-09-17,9287.62
290,853,2025-06-20,845.57
291,821,2024-11-30,6407.22
292,370,2024-07-25,5602.3
293,961,2024-12-29,8909.78
294,842,2024-07-06,3722.23
295,726,2025-07-08,630.09
296,632,2025-05-14,2694.87
297,42,2025-11-02,7356.29
298,855,2025-06-15,3073.85
299,968,2025-01-03,2198.21
300,532,2025-06-20,1016.34
301,743,2025-01-07,2348.63
302,395,2024-12-20,1935.13
303,539,2025-06-12,6585.92
304,584,2025-02-12,6271.98
305,184,2025-11-10,5606.31
306,572,2025-01-02,4181.09
307,109,2026-05-25,7674.52
308,591,2024-09-26,3611.74
309,470,2024-07-05,7040.38
310,438,2025-01-18,8834.1
311,171,2024-07-06,7934.99
312,564,2026-03-22,4045.49
313,346,2025-10-06,6592.44
314,547,2024-09-22,9984.41
315,454,2025-08-16,9338.52
316,925,2025-03-05,3185.79
317,333,2024-12-12,8456.3
318,423,2025-07-06,7653.63
319,441,2024-07-25,8270.24
320,332,2025-09-18,6103.71
321,577,2025-07-20,5478.98
322,385,2024-09-08,7668.8
323,949,2025-05-27,7458.55
324,369,2024-09-26,9618.44
325,459,2024-09-17,9600.25
326,1,2025-04-26,7276.82
327,292,2025-08-24,5977.84
328,531,2026-03-11,1394.1
329,912,2026-01-30,3053.32
330,308,2026-01-25,9844.72
331,220,2024-07-10,8564.42
332,23,2025-03-15,7726.65
333,966,2026-03-06,6912.71
334,283,2025-11-10,9195.17
335,524,2024-11-03,5585.41
336,949,2025-11-14,5737.54
337,97,2024-10-10,425.48
338,365,2025-10-03,1603.27
339,272,2026-02-07,3702.47
340,597,2025-12-02,2536.08
341,263,2024-11-30,8120.19
342,95,2024-06-18,5726.35
343,583,2025-11-12,9182.92
344,752,2024-10-16,818.16
345,333,2025-10-12,7939.4
346,178,2024-10-27,4908.35
347,921,2026-03-15,6911.47
348,591,2024-08-29,8204.18
349,98,2025-09-26,5972.55
350,308,2025-01-13,421.85
351,828,2025-02-04,5784.02
352,81,2024-08-21,7812.21
353,944,2024-07-21,7720.47
354,357,2025-06-27,8803.94
355,445,2024-10-26,4194.39
356,889,2025-10-15,1249.38
357,789,2026-02-04,2305.84
358,669,2024-06-14,8502.31
359,951,2025-10-27,163.77
360,797,2025-03-06,6340.33
361,56,2026-01-25,3082.59
362,43,2024-12-30,3227.2
363,579,2025-01-18,1538.32
364,515,2025-07-10,6992.8
365,157,2025-12-02,552.67
366,750,2025-11-09,9973.8
367,995,2025-09-18,4483.88
368,610,2026-02-10,5773.79
369,93,2025-01-02,2259.75
370,297,2025-02-11,7874.36
371,152,2026-03-22,1365.28
372,85,2024-12-12,4784.75
373,764,2025-03-16,540.65
374,409,2025-09-10,2662.45
375,409,2026-02-09,5043.14
376,793,2024-12-31,6993.81
377,781,2025-04-19,1391.96
378,573,2025-06-05,2021.18
379,405,2025-10-23,6539.87
380,201,2026-04-17,5633.62
381,754,2025-07-21,5266.27
382,249,2025-04-05,762.86
383,796,2024-10-01,4329.15
384,702,2025-12-14,9245.17
385,92,2025-08-20,1169.67
386,424,2025-03-27,4264.23
387,357,2024-08-04,1945.37
388,353,2025-01-12,5959.08
389,25,2025-03-16,7708.33
390,174,2025-06-30,9877.14
391,632,2026-01-18,8224.76
392,823,2025-10-17,4449.99
393,150,2025-09-21,4432.61
394,947,2026-04-02,8190.81
395,205,2025-04-25,6869.32
396,160,2025-08-01,7589.45
397,874,2025-01-21,903.85
398,758,2024-12-01,592.65
399,972,2025-01-28,6228.97
400,152,2024-07-29,8694.09
401,840,2026-05-02,2912.47
402,352,2026-04-12,6953.26
403,114,2025-03-13,3085.92
404,483,2024-07-11,276.34
405,215,2026-03-26,7413.13
406,217,2024-08-01,2077.82
407,536,2026-04-24,7516.03
408,562,2024-08-01,4856.11
409,748,2025-04-03,9923.41
410,712,2025-10-09,7002.61
411,19,2024-08-11,3797.24
412,928,2024-07-11,6652.11
413,45,2026-03-20,2591.79
414,62,2025-07-17,2875.93
415,809,2025-09-14,6980.44
416,278,2025-08-15,578.2
417,671,2024-07-20,9454.51
418,69,2024-10-08,3917.02
419,278,2025-12-22,6646.67
420,935,2025-10-31,6618.0
421,886,2025-01-24,1123.52
422,300,2025-04-28,8680.73
423,665,2026-02-26,3895.91
424,1004,2025-03-14,3837.98
425,1001,2026-04-17,7111.4
426,926,2025-07-06,3188.79
427,888,2025-06-24,5991.21
428,91,2026-01-06,1904.85
429,513,2025-10-11,9669.57
430,575,2024-09-20,9267.18
431,23,2026-02-05,445.54
432,945,2025-07-17,5317.68
433,342,2025-07-29,4924.83
434,763,2025-01-17,1612.2
435,356,2024-09-08,6858.9
436,364,2025-11-01,6271.05
437,242,2025-03-29,9960.14
438,1003,2025-08-26,5037.45
439,832,2025-05-16,667.0
440,264,2026-05-18,8792.84
441,912,2026-04-02,9999.52
442,31,2025-08-22,9444.16
443,972,2025-10-11,2837.93
444,156,2026-01-25,3450.77
445,403,2026-01-27,6586.47
446,90,2026-04-12,7312.4
447,534,2026-01-02,9608.03
448,628,2025-06-11,8733.38
449,703,2024-08-19,2312.91
450,247,2025-11-19,5750.34
451,437,2025-10-03,9706.84
452,932,2025-01-27,6073.42
453,460,2026-05-07,5445.23
454,212,2026-04-02,6542.1
455,595,2025-05-16,5436.47
456,820,2024-06-17,2062.99
457,142,2024-06-18,3124.53
458,723,2026-04-09,8991.5
459,932,2025-11-08,1395.76
460,931,2025-11-02,9758.98
461,149,2026-03-30,6579.51
462,579,2025-12-17,9175.27
463,326,2025-04-05,724.75
464,546,2025-04-02,9488.59
465,122,2026-04-26,1882.15
466,860,2025-08-12,8802.4
467,745,2025-09-26,343.36
468,327,2024-09-23,8807.31
469,424,2025-03-17,9613.9
470,311,2024-11-07,4457.89
471,957,2025-01-13,8225.9
472,653,2026-03-24,9335.84
473,281,2025-03-25,1561.97
474,193,2024-07-31,1112.38
475,190,2025-09-18,310.67
476,627,2025-06-08,6188.62
477,621,2025-11-05,5692.08
478,237,2025-11-15,5983.79
479,237,2024-10-25,6889.41
480,368,2024-08-31,840.78
481,799,2025-01-23,4792.19
482,515,2025-01-01,8469.08
483,481,2025-07-20,7134.59
484,383,2024-12-13,1880.57
485,397,2025-11-07,4939.88
486,141,2025-05-08,1679.67
487,232,2026-05-11,370.68
488,783,2025-11-06,9689.71
489,948,2024-11-24,2735.09
490,423,2026-05-21,2264.41
491,688,2025-02-07,9883.02
492,776,2025-09-11,2085.39
493,182,2026-01-04,9274.68
494,450,2024-09-25,8677.93
495,502,2025-06-20,6894.23
496,888,2025-01-05,4602.57
497,253,2024-06-07,4304.18
498,795,2024-12-26,466.17
499,753,2026-03-27,8252.07
500,738,2025-02-28,3163.33
501,627,2024-09-14,9394.43
502,586,2025-08-10,5958.37
503,538,2025-06-30,6431.87
504,722,2025-08-02,7879.85
505,534,2025-06-23,1137.7
506,468,2024-10-29,8278.75
507,44,2024-05-30,8783.91
508,252,2026-01-08,5211.09
509,406,2024-09-05,9839.11
510,41,2026-02-25,5599.12
511,529,2026-04-09,7663.34
512,986,2025-11-01,540.49
513,299,2025-01-28,4423.56
514,906,2025-06-06,3080.31
515,848,2026-04-01,2894.85
516,171,2026-03-27,4253.5
517,628,2025-05-22,9194.38
518,707,2025-04-22,5193.85
519,146,2026-02-23,4662.61
520,662,2025-03-01,4544.4
521,740,2025-02-12,5031.55
522,185,2025-12-01,7798.37
523,961,2024-11-16,8948.56
524,560,2025-11-23,1396.3
525,424,2024-09-07,3268.44
526,26,2025-05-27,1829.84
527,605,2026-05-06,8971.34
528,918,2026-05-22,2059.22
529,466,2024-08-30,947.29
530,332,2025-12-18,6932.59
531,929,2025-05-30,7129.12
532,168,2024-08-13,7197.83
533,127,2025-05-07,957.35
534,724,2024-11-28,4521.51
535,372,2024-06-20,898.8
536,725,2024-11-06,3871.67
537,811,2025-03-25,9753.15
538,627,2026-05-20,9500.05
539,388,2026-01-27,5525.94
540,45,2025-10-15,7694.19
541,935,2025-07-31,3385.17
542,893,2025-11-29,6612.33
543,154,2026-02-04,1663.13
544,149,2025-01-13,1829.72
545,730,2025-10-19,560.54
546,316,2024-11-23,3129.71
547,788,2025-08-08,9611.61
548,296,2025-07-19,6283.21
549,121,2025-12-29,8990.49
550,984,2025-02-02,2068.37
551,638,2025-05-03,7665.69
552,13,2025-02-24,4613.49
553,876,2025-07-26,5011.49
554,827,2025-02-04,107.22
555,904,2026-02-28,4959.99
556,223,2024-09-05,5909.18
557,488,2025-04-29,4564.7
558,453,2026-04-21,840.08
559,615,2025-11-08,115.4
560,904,2025-09-07,5496.05
561,635,2026-01-27,6304.92
562,840,2025-04-04,8261.26
563,51,2026-03-04,1889.16
564,57,2026-01-22,6550.1
565,38,2026-02-01,1496.48
566,34,2026-02-16,6686.62
567,859,2025-08-22,6052.69
568,340,2025-05-02,9207.83
569,51,2025-11-16,1133.43
570,183,2025-01-26,1655.29
571,292,2024-08-23,6130.34
572,709,2024-11-15,7013.48
573,587,2025-05-09,7883.71
574,182,2026-03-13,9664.62
575,768,2026-04-05,5810.71
576,954,2025-07-21,406.61
577,787,2024-07-06,3027.98
578,378,2025-12-19,8980.42
579,840,2025-06-24,723.28
580,438,2025-09-26,8440.93
581,67,2025-08-21,2963.69
582,138,2025-10-16,1264.13
583,881,2024-12-29,2780.46
584,540,2024-08-24,4166.89
585,215,2026-01-11,6973.5
586,627,2024-07-24,628.94
587,586,2025-04-17,7310.8
588,645,2026-03-06,5313.02
589,90,2025-07-20,4862.45
590,706,2024-11-05,6067.54
591,808,2026-02-27,9863.47
592,295,2026-01-11,4299.18
593,869,2025-10-19,3199.06
594,539,2025-01-06,5772.67
595,639,2024-10-03,3570.84
596,133,2026-02-13,6162.19
597,509,2024-07-29,5221.07
598,648,2025-08-24,5002.52
599,828,2026-02-25,1840.08
600,625,2026-01-12,2365.58
601,298,2024-09-21,9793.61
602,2,2025-11-16,1226.16
603,477,2024-09-01,6273.33
604,121,2026-01-12,7387.81
605,213,2024-06-05,8005.67
606,425,2026-03-11,4169.71
607,342,2024-10-10,3529.02
608,826,2026-04-12,6393.16
609,12,2026-03-31,6424.15
610,707,2025-01-03,2852.19
611,810,2025-07-09,724.97
612,308,2025-12-15,5091.56
613,332,2024-07-22,7681.97
614,117,2025-10-15,6874.07
615,350,2025-11-18,3990.69
616,583,2025-09-21,6179.13
617,30,2025-12-21,8328.83
618,199,2024-06-17,3338.62
619,347,2024-11-06,9226.68
620,491,2024-10-19,9165.82
621,817,2025-08-03,403.8
622,140,2025-08-06,4840.88
623,643,2024-11-02,4633.15
624,886,2026-05-19,5392.83
625,344,2025-03-21,4651.58
626,834,2024-07-08,4168.83
627,761,2025-09-17,607.42
628,534,2024-10-14,3028.47
629,743,2025-04-13,6798.07
630,569,2025-05-25,5382.06
631,214,2025-10-24,5795.11
632,340,2025-03-07,8005.38
633,910,2026-01-04,7968.04
634,68,2025-09-06,9697.65
635,288,2024-10-28,8415.35
636,348,2026-01-03,9837.01
637,642,2025-11-02,5366.02
638,170,2024-06-06,5731.27
639,399,2025-07-30,1914.42
640,120,2025-11-30,8652.71
641,770,2026-05-24,3117.4
642,879,2025-02-06,3179.27
643,33,2024-11-26,2751.4
644,89,2024-06-24,4995.69
645,244,2026-04-30,3747.26
646,850,2026-01-06,9509.73
647,222,2025-11-02,5274.75
648,180,2025-04-15,1166.7
649,804,2025-10-28,422.08
650,207,2025-05-08,9137.87
651,455,2025-07-11,5084.65
652,819,2025-04-26,4852.5
653,513,2024-11-21,1583.07
654,349,2025-11-06,9240.19
655,751,2025-11-13,8745.1
656,318,2025-07-23,7766.56
657,147,2025-09-25,7706.34
658,101,2024-12-17,8230.28
659,961,2025-07-15,5185.66
660,136,2026-02-15,2091.61
661,38,2025-10-18,4620.72
662,731,2025-09-20,8654.86
663,119,2026-04-05,90.89
664,955,2026-03-31,488.1
665,869,2025-09-03,5963.16
666,90,2024-11-14,3366.23
667,911,2025-05-16,509.09
668,534,2026-01-02,7673.49
669,764,2026-01-29,3159.18
670,592,2026-04-11,7597.01
671,655,2024-12-22,8926.75
672,329,2025-10-01,2045.53
673,294,2025-08-01,2802.66
674,327,2024-07-16,7739.23
675,688,2025-05-05,1220.63
676,153,2025-04-20,1617.09
677,118,2024-10-15,201.8
678,638,2025-04-05,5618.28
679,105,2025-03-11,2105.44
680,359,2026-04-01,5516.19
681,278,2024-08-10,1458.49
682,722,2024-09-21,8049.83
683,588,2025-05-25,2486.01
684,73,2024-11-02,3148.21
685,914,2025-10-26,3420.45
686,455,2024-10-15,554.73
687,30,2025-10-21,4733.82
688,692,2026-03-24,552.04
689,393,2025-05-09,585.31
690,437,2025-04-08,3949.57
691,722,2024-06-16,5981.41
692,607,2024-07-12,6313.23
693,707,2024-12-06,7008.69
694,632,2026-02-05,3588.46
695,341,2025-12-16,8183.55
696,731,2026-01-05,7596.11
697,829,2026-04-22,5358.18
698,998,2026-04-21,9231.7
699,783,2024-07-18,4683.67
700,135,2025-10-23,974.52
701,822,2026-03-10,9200.91
702,480,2026-02-01,1017.77
703,318,2026-04-07,6860.56
704,728,2025-04-16,7676.61
705,482,2024-06-15,2355.36
706,230,2025-09-26,1480.03
707,918,2025-01-17,6188.57
708,935,2024-09-18,3666.32
709,188,2025-08-13,7011.17
710,682,2025-10-24,3336.76
711,882,2025-10-15,8829.92
712,465,2025-12-09,4900.69
713,67,2025-01-02,4779.58
714,360,2024-12-22,4812.59
715,867,2025-04-14,1749.48
716,787,2026-03-13,3518.72
717,589,2025-08-26,1317.57
718,106,2025-05-25,4086.58
719,732,2024-12-11,7977.74
720,334,2024-11-08,5583.69
721,73,2025-08-13,7934.69
722,546,2024-09-30,4636.7
723,605,2025-05-16,4163.75
724,636,2026-05-25,2474.73
725,163,2024-08-06,9740.22
726,394,2026-04-29,707.3
727,214,2024-07-08,8148.46
728,606,2026-02-25,4339.93
729,1004,2026-04-17,4381.77
730,807,2025-08-21,3454.9
731,711,2024-06-09,2399.74
732,679,2026-05-02,6712.57
733,758,2025-10-13,9312.09
734,588,2024-08-19,8375.64
735,118,2025-02-03,5942.02
736,475,2025-10-19,3287.51
737,100,2026-02-01,8229.13
738,181,2025-02-12,3114.96
739,416,2024-07-21,742.6
740,112,2025-12-06,6870.81
741,611,2024-10-31,7724.87
742,389,2025-04-08,3307.71
743,661,2024-12-15,6618.64
744,93,2025-05-22,2215.24
745,143,2025-08-20,8878.25
746,925,2024-08-01,7562.14
747,830,2024-09-17,51.83
748,151,2025-03-18,6625.77
749,464,2025-12-16,5336.0
750,400,2024-09-24,6174.94
751,458,2025-09-27,1996.88
752,698,2025-01-15,8780.38
753,307,2024-07-30,5724.25
754,936,2025-04-25,6811.61
755,941,2025-09-07,9436.17
756,446,2026-02-09,7192.02
757,938,2024-08-04,3475.43
758,92,2024-12-08,5848.13
759,627,2025-07-30,9864.9
760,414,2024-12-11,8483.99
761,873,2025-01-13,2977.14
762,379,2024-09-10,9015.7
763,992,2024-07-08,578.62
764,721,2026-01-10,5622.3
765,1003,2025-11-30,3624.48
766,882,2026-04-18,2857.98
767,32,2024-07-31,2390.65
768,720,2025-07-25,5922.13
769,641,2024-08-04,3215.37
770,392,2024-09-30,4090.02
771,446,2026-01-22,5473.93
772,679,2025-12-15,1775.43
773,143,2025-03-23,1922.86
774,394,2025-12-27,8441.11
775,369,2026-03-24,8407.63
776,158,2025-01-20,2920.29
777,894,2026-02-12,6717.16
778,138,2026-01-10,165.45
779,664,2026-02-18,206.29
780,739,2025-06-13,8854.64
781,674,2025-11-14,4395.51
782,140,2024-09-23,892.4
783,658,2025-02-21,8069.12
784,881,2025-05-01,4587.49
785,808,2024-06-17,6969.14
786,953,2025-09-10,4285.76
787,185,2025-12-02,4571.22
788,435,2025-06-26,5542.9
789,461,2026-04-12,3877.91
790,232,2025-02-05,1898.62
791,620,2025-10-07,123.93
792,511,2024-07-09,8475.7
793,243,2025-03-04,7135.69
794,276,2025-03-17,4137.84
795,560,2025-10-03,5784.71
796,35,2026-05-04,9783.42
797,582,2024-10-01,4858.52
798,378,2026-02-14,1175.99
799,494,2025-09-10,9619.29
800,82,2025-06-25,1463.77
801,749,2025-05-14,5287.76
802,880,2025-12-09,9837.5
803,798,2025-07-21,2830.23
804,530,2025-05-13,828.43
805,912,2024-11-04,6120.2
806,252,2025-01-14,4750.89
807,760,2025-06-18,6654.18
808,685,2026-04-22,826.92
809,649,2025-11-09,5415.01
810,594,2025-05-27,3159.37
811,55,2024-07-21,9040.67
812,548,2025-06-07,7796.34
813,481,2026-01-21,4567.65
814,928,2025-05-09,4718.86
815,752,2024-08-08,3348.56
816,362,2024-11-06,9607.78
817,818,2025-11-16,2981.45
818,172,2025-04-12,401.5
819,946,2024-08-24,5996.48
820,312,2024-06-13,7283.37
821,578,2025-06-05,2641.41
822,645,2024-09-01,4757.95
823,174,2024-09-16,5749.96
824,673,2025-06-27,9904.13
825,829,2024-09-02,7386.93
826,28,2024-08-04,2903.82
827,85,2025-06-30,1311.87
828,79,2025-06-14,8521.88
829,285,2026-04-10,2557.91
830,631,2026-01-13,2845.67
831,879,2024-07-26,2606.71
832,760,2026-01-28,1159.92
833,179,2024-11-12,9105.81
834,757,2026-02-17,1553.8
835,458,2025-01-26,3729.18
836,180,2025-01-30,2649.46
837,718,2025-02-11,2400.15
838,186,2025-12-17,8003.75
839,883,2024-07-28,379.25
840,87,2024-07-21,9675.09
841,610,2024-06-17,9342.72
842,158,2025-10-06,8384.26
843,771,2024-12-24,9936.18
844,789,2024-12-08,3862.51
845,677,2025-03-03,4429.84
846,653,2025-02-03,1714.47
847,592,2025-05-26,7356.89
848,354,2025-09-28,590.54
849,271,2024-10-12,7567.07
850,119,2025-09-02,572.61
851,476,2024-12-15,4017.51
852,309,2024-06-30,4788.85
853,972,2025-01-04,7536.66
854,546,2024-12-27,2374.93
855,700,2025-06-08,7070.8
856,486,2025-06-02,2663.12
857,544,2025-09-03,8709.26
858,13,2025-08-23,2923.48
859,817,2025-04-08,4515.77
860,695,2025-09-07,3191.1
861,543,2024-08-26,6844.62
862,43,2025-05-14,1018.77
863,545,2025-12-23,6392.37
864,980,2024-12-27,8450.18
865,626,2025-12-16,9184.52
866,879,2025-04-25,2762.28
867,277,2024-06-15,2707.52
868,101,2025-03-26,2590.67
869,599,2024-11-09,3941.98
870,792,2024-12-18,6769.15
871,248,2025-01-18,7356.42
872,603,2025-11-03,7716.45
873,533,2025-07-31,3407.2
874,707,2025-11-25,9932.49
875,321,2024-10-03,5498.74
876,689,2025-01-27,134.34
877,70,2025-02-08,169.02
878,101,2025-09-09,5276.38
879,702,2024-10-10,4487.12
880,225,2025-01-24,7266.24
881,258,2025-12-22,1971.14
882,25,2024-11-19,6213.0
883,59,2025-06-21,9388.13
884,673,2025-12-18,8944.97
885,223,2025-03-25,9507.37
886,654,2025-09-22,1261.81
887,981,2025-05-24,1243.77
888,877,2025-08-26,6066.62
889,385,2024-07-30,6581.13
890,922,2024-10-31,6496.66
891,823,2025-07-10,9673.3
892,918,2025-11-25,1152.91
893,189,2025-06-06,2570.69
894,479,2026-05-03,6621.75
895,78,2026-02-09,6405.87
896,945,2024-08-20,9952.71
897,788,2024-10-15,4298.48
898,926,2026-01-16,6692.41
899,789,2024-08-27,3267.87
900,166,2025-07-18,7818.28
901,284,2025-06-21,7782.2
902,392,2024-06-13,3916.47
903,62,2025-06-18,2619.47
904,833,2025-08-02,2683.42
905,452,2025-07-11,740.51
906,1003,2025-11-06,9289.43
907,625,2026-05-11,3956.71
908,661,2024-06-24,4945.97
909,148,2025-03-09,5429.29
910,442,2025-03-31,2222.95
911,659,2025-10-15,1107.18
912,453,2026-03-29,7168.23
913,106,2025-12-28,396.87
914,73,2026-05-12,5734.88
915,257,2025-09-09,7783.51
916,20,2024-07-29,8970.3
917,153,2025-11-02,6546.01
918,1,2024-12-18,9332.29
919,681,2024-11-23,3935.31
920,156,2025-02-06,7015.55
921,927,2026-01-04,3943.74
922,4,2026-04-03,5178.06
923,963,2025-03-26,7721.36
924,490,2025-07-12,4388.77
925,865,2025-11-05,7291.29
926,832,2024-09-29,7864.55
927,554,2025-07-27,2297.18
928,394,2025-02-13,9543.85
929,838,2025-10-05,7809.31
930,125,2024-06-29,5694.08
931,958,2024-11-06,9916.43
932,342,2024-08-30,6834.27
933,411,2025-06-18,599.19
934,982,2025-07-23,6488.39
935,375,2025-01-30,5369.53
936,984,2024-12-26,3433.62
937,862,2025-08-15,4623.41
938,785,2026-05-04,2935.09
939,208,2026-03-03,1807.35
940,41,2025-12-07,9676.75
941,677,2024-12-08,1950.48
942,713,2025-03-10,3931.54
943,110,2025-12-15,6324.64
944,368,2025-07-06,4890.71
945,907,2024-10-02,6346.27
946,753,2026-01-09,1935.17
947,37,2026-02-26,1971.27
948,738,2026-04-04,9964.02
949,245,2024-10-18,4917.86
950,65,2024-11-09,7937.75
951,659,2025-03-22,3111.92
952,547,2025-05-10,9651.29
953,832,2025-01-29,4520.61
954,17,2024-12-14,418.57
955,58,2026-01-22,3410.3
956,739,2025-08-12,476.0
957,122,2025-05-26,2156.2
958,670,2026-05-18,6689.8
959,470,2026-03-17,9403.89
960,892,2026-01-28,8748.84
961,153,2024-09-11,7423.46
962,239,2025-10-13,9251.92
963,38,2025-04-05,7367.82
964,501,2024-12-14,6555.62
965,483,2026-03-15,9076.43
966,634,2024-10-04,505.73
967,719,2025-09-02,6505.42
968,15,2025-06-08,1763.88
969,52,2024-07-09,9051.39
970,841,2025-05-08,7947.29
971,468,2024-08-03,6131.7
972,856,2025-08-23,5930.87
973,838,2025-06-29,8183.83
974,117,2025-05-20,4996.58
975,819,2025-01-21,6175.5
976,65,2025-07-27,8054.31
977,437,2024-07-10,3406.56
978,856,2025-06-30,9822.82
979,695,2025-02-10,4049.99
980,124,2025-09-29,9759.74
981,590,2026-03-07,5481.55
982,330,2024-11-24,8372.45
983,813,2024-11-07,2171.66
984,47,2026-04-14,5951.2
985,344,2025-04-12,679.06
986,281,2026-03-01,1455.31
987,426,2025-02-25,1722.11
988,379,2026-05-24,5556.41
989,450,2025-12-05,2474.26
990,596,2025-01-27,454.95
991,103,2025-12-03,7920.97
992,648,2024-07-14,6143.79
993,797,2025-11-06,1619.65
994,901,2024-06-11,4895.33
995,7,2024-09-01,121.88
996,949,2024-09-13,936.96
997,668,2025-05-04,5957.62
998,291,2024-12-02,4191.41
999,827,2025-11-05,7932.8
1000,488,2025-10-28,6938.97
1001,212,2024-10-19,1473.72
1002,278,2025-03-18,5254.71
1003,422,2025-01-05,2430.57
1004,179,2026-02-09,6124.85
1005,39,2024-07-28,5982.91
1006,735,2025-01-18,5023.88
1007,974,2026-02-22,925.81
1008,847,2026-04-22,7836.7
1009,357,2025-07-09,4216.92
1010,572,2025-05-08,2394.61
1011,121,2026-04-30,9866.71
1012,1001,2024-12-31,1002.05
1013,371,2026-03-08,8634.17
1014,553,2024-12-04,5100.03
1015,476,2025-09-22,7714.8
1016,676,2025-01-24,2120.68
1017,55,2025-12-21,1977.5
1018,816,2024-12-02,1534.71
1019,865,2026-03-11,9687.31
1020,486,2024-06-06,5000.27
1021,164,2025-07-17,6717.92
1022,45,2025-10-15,587.57
1023,373,2026-02-13,2886.39
1024,446,2025-06-29,2551.25
1025,632,2026-01-07,8061.28
1026,777,2025-09-20,4558.82
1027,107,2025-01-15,7417.15
1028,948,2025-02-17,5396.74
1029,162,2024-08-30,7865.65
1030,497,2024-08-28,5173.29
1031,73,2025-03-28,8956.04
1032,739,2025-06-30,4475.97
1033,594,2024-06-19,3293.42
1034,204,2025-02-08,7483.51
1035,920,2024-11-27,3290.57
1036,798,2026-02-06,1145.82
1037,234,2026-02-08,1025.74
1038,756,2025-10-13,4155.32
1039,205,2026-04-14,3786.55
1040,226,2025-02-05,781.62
1041,600,2024-06-05,4869.86
1042,912,2025-07-12,4386.86
1043,222,2024-07-10,9282.48
1044,466,2025-10-30,1821.7
1045,383,2025-01-21,1407.23
1046,738,2024-07-27,1981.84
1047,368,2025-11-08,9756.78
1048,208,2024-06-18,3392.12
1049,33,2025-09-16,6937.49
1050,62,2024-10-03,2842.01
1051,114,2026-02-20,8523.93
1052,470,2026-04-23,4211.33
1053,779,2025-10-30,3468.58
1054,908,2024-12-14,2986.86
1055,161,2024-08-17,7905.99
1056,654,2024-08-21,9529.96
1057,928,2025-10-30,1740.86
1058,994,2026-01-31,5549.92
1059,236,2024-12-27,910.42
1060,878,2024-09-29,5241.6
1061,883,2025-04-25,9956.86
1062,606,2026-05-06,4761.22
1063,474,2026-05-18,2827.75
1064,748,2024-11-10,4309.7
1065,894,2025-12-04,2504.21
1066,336,2024-10-06,4370.77
1067,228,2026-02-07,8923.64
1068,606,2025-12-16,9465.21
1069,936,2026-04-24,5758.32
1070,6,2026-05-20,4206.83
1071,46,2025-07-08,448.58
1072,482,2026-03-31,7348.09
1073,517,2026-05-12,384.52
1074,544,2024-08-10,3973.49
1075,830,2025-12-06,7990.27
1076,842,2024-10-18,1025.09
1077,508,2026-01-01,2443.09
1078,572,2024-10-12,7543.13
1079,710,2024-12-24,7331.27
1080,973,2025-04-05,2219.16
1081,368,2024-07-23,2993.11
1082,664,2026-03-28,9989.57
1083,17,2025-02-20,4823.84
1084,313,2024-10-05,1659.94
1085,471,2026-02-09,8586.33
1086,766,2025-10-10,5857.42
1087,1000,2026-02-05,4575.67
1088,791,2025-11-08,1429.31
1089,721,2026-03-24,4083.34
1090,809,2026-01-12,8721.94
1091,642,2024-12-12,4669.74
1092,649,2026-03-27,63.57
1093,643,2025-11-13,753.45
1094,915,2025-08-07,6922.97
1095,544,2025-11-11,375.51
1096,437,2025-02-26,7541.24
1097,715,2025-10-25,9463.65
1098,556,2026-04-18,5773.53
1099,213,2025-08-13,7887.53
1100,83,2026-03-20,6223.53
1101,344,2024-08-22,7370.82
1102,57,2025-05-11,5171.63
1103,932,2025-02-16,6762.8
1104,910,2026-01-14,563.05
1105,393,2025-10-19,3687.63
1106,634,2025-11-05,456.7
1107,376,2024-08-04,1793.91
1108,573,2025-08-31,7063.49
1109,575,2025-02-28,7107.9
1110,210,2025-11-29,1427.14
1111,343,2025-07-02,2424.4
1112,117,2026-01-17,6507.93
1113,756,2024-07-01,9394.52
1114,595,2024-07-25,8717.76
1115,720,2025-04-25,2137.45
1116,763,2025-08-20,7620.81
1117,329,2024-12-21,3559.48
1118,274,2024-11-24,5060.48
1119,434,2025-06-08,2807.6
1120,65,2026-05-14,3759.5
1121,464,2025-02-24,4887.96
1122,540,2025-10-31,8304.12
1123,482,2026-02-27,7112.76
1124,695,2026-01-14,8262.52
1125,922,2024-12-11,2958.03
1126,636,2025-05-28,3713.05
1127,690,2026-03-02,9456.38
1128,829,2025-09-15,9781.94
1129,905,2025-10-20,702.99
1130,914,2025-02-19,8845.59
1131,90,2024-10-27,847.7
1132,920,2026-05-12,1829.18
1133,982,2025-09-08,9568.44
1134,112,2024-08-04,1689.42
1135,115,2026-04-29,6985.97
1136,509,2024-07-30,1547.46
1137,210,2024-12-04,5230.84
1138,643,2025-08-28,275.77
1139,427,2024-07-22,9697.27
1140,555,2025-09-22,9320.63
1141,486,2026-02-20,3499.67
1142,455,2024-12-03,7390.21
1143,22,2026-01-07,2950.59
1144,65,2025-09-16,269.26
1145,822,2025-03-13,2361.66
1146,971,2025-06-21,5220.22
1147,344,2024-06-23,4146.33
1148,352,2026-04-29,6574.82
1149,806,2025-07-09,3296.75
1150,608,2025-04-08,6675.26
1151,543,2024-12-24,8426.98
1152,456,2026-05-07,4607.17
1153,581,2026-02-13,1362.94
1154,809,2025-06-08,3099.63
1155,809,2025-02-10,2637.07
1156,496,2026-03-07,3750.43
1157,296,2026-04-02,7709.01
1158,49,2025-12-24,1525.97
1159,292,2026-05-09,4586.47
1160,171,2025-07-05,6205.37
1161,165,2024-10-12,7132.53
1162,293,2024-06-07,1863.69
1163,180,2025-09-21,8401.35
1164,710,2026-04-09,9051.88
1165,814,2025-11-01,1577.17
1166,244,2024-10-19,1213.33
1167,325,2025-02-04,5766.53
1168,452,2025-06-19,2641.05
1169,189,2025-02-27,2091.3
1170,725,2025-09-08,395.16
1171,325,2025-05-15,9781.32
1172,152,2026-04-01,3760.5
1173,553,2025-10-11,9755.88
1174,547,2025-03-15,3050.52
1175,943,2025-04-23,298.01
1176,954,2025-04-27,5019.2
1177,149,2026-02-04,9480.5
1178,951,2025-02-05,3236.17
1179,5,2024-06-18,9702.99
1180,560,2024-07-15,9757.23
1181,340,2025-03-08,6490.08
1182,303,2025-09-22,4765.41
1183,297,2025-01-04,9697.58
1184,773,2024-05-29,9807.86
1185,588,2024-12-27,6685.53
1186,819,2024-06-13,5674.05
1187,929,2026-01-14,9226.81
1188,347,2026-03-06,6907.01
1189,750,2026-02-10,4815.86
1190,42,2025-05-12,1437.26
1191,565,2024-10-06,1212.92
1192,26,2024-09-01,4046.22
1193,862,2024-10-17,2242.63
1194,366,2026-03-16,970.19
1195,57,2025-02-23,6101.1
1196,200,2025-11-17,5855.14
1197,228,2024-07-05,7823.77
1198,786,2024-06-10,2815.38
1199,24,2026-01-08,881.72
1200,870,2024-07-05,4482.31
1201,688,2025-04-29,9578.36
1202,1000,2024-09-16,5142.29
1203,200,2024-08-31,4930.13
1204,618,2025-11-10,6070.52
1205,967,2025-10-29,607.67
1206,683,2024-08-15,3642.6
1207,152,2024-12-13,7173.84
1208,438,2025-05-23,3727.82
1209,382,2025-08-12,171.3
1210,354,2026-04-19,3545.98
1211,1001,2024-11-27,4483.48
1212,575,2025-07-06,921.61
1213,746,2025-05-15,8883.66
1214,760,2024-10-29,9926.34
1215,823,2024-06-03,4452.92
1216,168,2025-03-08,8066.44
1217,994,2024-08-13,8982.35
1218,747,2025-06-01,8969.47
1219,143,2025-01-04,8363.34
1220,613,2025-05-23,906.48
1221,213,2025-05-07,3067.15
1222,889,2026-02-07,5276.75
1223,344,2025-01-16,707.85
1224,984,2026-01-17,5927.25
1225,385,2025-12-10,930.06
1226,420,2025-02-05,6406.12
1227,280,2026-02-03,4174.41
1228,570,2024-06-02,4648.09
1229,582,2024-10-25,7564.68
1230,141,2024-12-17,2032.61
1231,853,2024-09-09,3848.61
1232,568,2025-01-23,4931.33
1233,843,2025-12-26,8271.17
1234,855,2025-06-13,5872.82
1235,506,2024-12-03,5614.85
1236,475,2025-12-18,2283.98
1237,811,2025-08-19,74.34
1238,269,2025-12-20,3036.69
1239,656,2026-04-11,8350.72
1240,484,2025-04-28,1285.56
1241,682,2026-01-11,8932.23
1242,428,2025-01-01,1834.75
1243,929,2024-12-17,6894.04
1244,251,2025-05-11,333.0
1245,784,2026-05-06,2808.31
1246,994,2024-05-30,713.91
1247,764,2026-02-11,3649.51
1248,493,2024-10-09,5677.47
1249,890,2026-05-22,2616.22
1250,703,2024-08-13,4786.61
1251,711,2025-09-27,8191.89
1252,383,2024-09-28,5149.63
1253,590,2024-06-19,224.57
1254,266,2024-11-01,1670.33
1255,60,2024-09-20,1504.06
1256,473,2026-02-10,8789.26
1257,139,2024-08-12,3605.99
1258,55,2026-02-13,2763.07
1259,430,2025-02-09,6380.66
1260,979,2024-05-30,3592.04
1261,297,2026-04-08,2952.06
1262,655,2024-08-10,9366.35
1263,527,2024-10-12,1978.46
1264,644,2025-12-06,1873.31
1265,97,2024-09-27,6007.69
1266,172,2024-06-11,5459.94
1267,894,2025-07-11,3196.29
1268,866,2026-03-18,6865.42
1269,309,2025-07-13,2751.02
1270,715,2025-09-11,6899.05
1271,99,2025-06-09,5367.48
1272,361,2024-08-06,8241.98
1273,14,2024-12-19,1412.65
1274,289,2025-02-15,3761.49
1275,497,2025-01-04,4149.35
1276,944,2025-08-22,9112.34
1277,105,2024-11-13,2217.87
1278,516,2024-12-01,2250.08
1279,193,2025-03-22,7961.31
1280,573,2024-07-08,6153.61
1281,852,2025-08-23,9527.33
1282,867,2026-01-18,5344.35
1283,565,2024-10-12,7037.54
1284,822,2025-02-16,1183.97
1285,472,2024-06-06,9164.51
1286,120,2025-08-30,8197.51
1287,946,2024-12-15,222.93
1288,357,2024-06-20,3150.16
1289,372,2025-10-24,1433.19
1290,453,2025-04-09,8902.78
1291,612,2025-06-12,5255.06
1292,994,2025-12-13,3453.35
1293,727,2025-09-26,3081.61
1294,763,2025-11-06,8155.01
1295,228,2025-05-28,1330.71
1296,711,2025-12-03,1466.48
1297,233,2025-06-26,3108.91
1298,215,2026-04-27,1345.67
1299,81,2024-10-24,4276.81
1300,782,2025-03-13,7851.1
1301,80,2025-10-03,237.12
1302,496,2024-09-11,7585.47
1303,44,2025-06-09,2003.69
1304,34,2024-08-15,7940.9
1305,526,2026-03-26,5952.1
1306,481,2025-02-14,1233.28
1307,260,2026-05-12,480.65
1308,309,2025-05-06,6692.48
1309,773,2025-05-22,1010.21
1310,127,2025-07-15,9204.98
1311,211,2024-06-10,5896.65
1312,205,2025-07-30,1888.58
1313,360,2026-04-29,341.13
1314,150,2025-09-25,8466.32
1315,965,2026-01-13,2809.89
1316,594,2024-08-02,3510.97
1317,165,2026-03-20,8558.62
1318,800,2024-08-09,7299.11
1319,248,2024-07-07,5073.85
1320,70,2024-05-25,1036.1
1321,593,2025-01-09,7644.28
1322,542,2025-12-22,2209.13
1323,197,2024-07-14,9644.42
1324,176,2026-04-09,9021.52
1325,551,2025-06-09,93.07
1326,743,2025-07-01,1031.92
1327,220,2026-03-19,9208.75
1328,872,2026-04-30,7092.17
1329,376,2026-01-23,6996.42
1330,190,2025-03-06,4424.68
1331,981,2024-10-02,1117.88
1332,855,2025-03-24,3580.48
1333,389,2026-05-25,4269.71
1334,527,2025-11-29,2314.16
1335,116,2025-06-27,7626.02
1336,322,2026-01-04,1279.97
1337,113,2026-01-01,5221.29
1338,508,2025-09-13,7634.62
1339,722,2025-07-19,2918.3
1340,740,2025-09-30,454.06
1341,336,2025-04-25,4962.44
1342,395,2024-12-25,2871.93
1343,615,2026-03-08,7374.94
1344,704,2025-11-18,9762.98
1345,455,2024-12-17,2297.44
1346,418,2024-11-16,2941.36
1347,876,2026-03-20,4308.22
1348,878,2024-11-15,742.61
1349,862,2024-12-29,8034.24
1350,962,2025-03-21,6807.35
1351,184,2024-08-17,177.22
1352,691,2026-05-11,4941.9
1353,108,2025-08-05,3993.88
1354,536,2025-11-20,6602.56
1355,88,2026-02-09,1236.22
1356,405,2025-09-25,4036.21
1357,605,2026-03-12,9776.83
1358,760,2026-01-12,9256.64
1359,1002,2026-03-28,1728.8
1360,373,2024-09-24,9753.31
1361,347,2025-05-08,2042.62
1362,865,2025-06-11,9907.08
1363,126,2026-05-03,2367.05
1364,435,2025-08-24,7265.74
1365,286,2025-02-24,7659.93
1366,785,2025-07-11,5840.09
1367,280,2026-03-27,7575.21
1368,821,2026-02-10,6456.12
1369,410,2025-09-12,3593.17
1370,683,2026-01-11,6051.5
1371,415,2025-04-25,9875.86
1372,524,2025-12-17,2824.96
1373,787,2025-04-05,4573.62
1374,126,2025-10-21,2544.36
1375,510,2024-09-28,2346.68
1376,966,2024-09-11,1389.35
1377,102,2024-11-28,7391.09
1378,851,2026-02-10,728.88
1379,695,2025-06-01,316.15
1380,184,2025-04-05,3857.2
1381,696,2024-09-06,3303.21
1382,311,2024-06-08,6238.57
1383,99,2026-03-31,7613.71
1384,677,2024-07-26,7528.52
1385,786,2026-04-13,4947.27
1386,478,2025-04-28,2059.22
1387,678,2025-06-16,5004.1
1388,517,2025-03-25,2653.57
1389,352,2025-06-20,8104.34
1390,554,2026-04-19,5488.87
1391,976,2025-08-11,7651.45
1392,441,2025-05-28,8807.25
1393,122,2026-03-16,3867.12
1394,323,2026-05-02,8536.1
1395,454,2026-01-04,4623.58
1396,34,2025-04-16,1809.85
1397,676,2025-06-03,8610.59
1398,311,2025-01-02,8852.77
1399,169,2024-11-24,4940.22
1400,138,2026-03-16,3158.97
1401,399,2025-10-09,4900.18
1402,113,2025-03-28,5710.11
1403,503,2025-02-25,6617.78
1404,702,2025-03-03,5416.95
1405,482,2024-10-15,4785.31
1406,875,2024-10-30,1605.29
1407,58,2024-12-01,3944.28
1408,507,2024-07-15,5930.9
1409,387,2025-02-12,6188.55
1410,362,2024-12-12,7676.38
1411,292,2024-07-22,3238.8
1412,29,2026-01-23,5925.11
1413,132,2025-02-12,8377.49
1414,358,2025-04-30,8105.06
1415,598,2024-10-20,317.65
1416,913,2025-03-01,6270.27
1417,390,2025-03-01,1018.63
1418,354,2024-08-06,9919.86
1419,422,2025-12-01,3545.13
1420,678,2025-02-16,2480.08
1421,241,2024-07-22,6498.42
1422,607,2026-05-23,895.17
1423,705,2025-11-07,701.73
1424,313,2026-02-16,1188.99
1425,174,2026-04-26,246.13
1426,334,2024-11-27,421.91
1427,674,2026-04-05,8640.52
1428,582,2026-01-17,5171.86
1429,432,2024-06-19,2702.86
1430,713,2025-02-08,4723.51
1431,23,2024-05-26,9858.36
1432,387,2024-10-21,5725.02
1433,331,2025-02-17,5746.76
1434,828,2026-03-02,4909.17
1435,708,2025-05-29,6767.36
1436,345,2025-04-12,4992.48
1437,831,2025-11-17,7660.79
1438,348,2026-04-23,1707.94
1439,307,2026-01-17,3665.18
1440,447,2024-06-14,2057.5
1441,651,2026-03-06,8480.97
1442,807,2026-03-13,799.45
1443,871,2025-11-07,5381.55
1444,295,2025-05-17,2688.29
1445,305,2024-07-11,9962.47
1446,412,2026-05-12,8055.8
1447,640,2025-07-22,7441.74
1448,95,2026-05-16,7191.18
1449,593,2025-12-03,992.6
1450,345,2026-03-02,2769.98
1451,581,2024-12-23,8021.8
1452,487,2026-05-05,4299.7
1453,356,2025-09-10,7966.73
1454,668,2025-04-13,8246.2
1455,517,2025-12-23,8051.06
1456,444,2024-09-04,6651.39
1457,321,2024-06-04,2040.77
1458,412,2024-12-15,2550.08
1459,528,2025-03-04,4559.62
1460,782,2024-08-13,5498.25
1461,903,2025-01-15,235.1
1462,721,2026-02-02,5186.43
1463,192,2025-01-22,5789.59
1464,219,2024-07-24,6625.02
1465,844,2026-03-10,7434.97
1466,479,2025-06-28,2715.96
1467,654,2026-01-09,5350.56
1468,630,2025-07-01,8535.11
1469,929,2024-05-27,4365.56
1470,580,2024-10-15,7279.82
1471,62,2025-12-11,5246.58
1472,374,2026-01-25,4651.74
1473,247,2024-10-08,1547.2
1474,702,2025-05-07,7667.02
1475,865,2025-05-23,4382.12
1476,327,2024-11-21,8608.85
1477,934,2025-07-03,691.05
1478,209,2025-07-14,8467.37
1479,274,2024-08-23,8245.92
1480,662,2025-04-12,1647.81
1481,704,2025-10-27,6032.26
1482,416,2025-12-14,2422.91
1483,154,2026-03-20,1959.56
1484,252,2024-07-02,7980.6
1485,318,2025-08-29,4668.39
1486,574,2026-02-01,9913.37
1487,433,2025-05-02,6486.87
1488,38,2025-09-12,2059.81
1489,280,2026-01-30,1407.48
1490,265,2026-05-06,7907.21
1491,285,2024-10-28,6603.77
1492,181,2024-06-07,6460.72
1493,44,2025-02-22,9639.68
1494,498,2026-03-11,7833.23
1495,57,2025-03-01,8602.86
1496,86,2024-11-19,3173.35
1497,306,2025-10-29,8678.36
1498,923,2025-05-01,9553.13
1499,919,2024-10-05,3666.17
1500,674,2024-11-17,8862.91
1501,407,2026-04-06,9434.46
1502,742,2026-04-02,8435.37
1503,242,2024-07-29,1163.73
1504,753,2025-07-01,5027.47
1505,124,2024-09-06,5243.48
1506,849,2025-03-16,5825.18
1507,794,2025-07-19,9318.98
1508,258,2024-12-28,4989.69
1509,93,2024-08-23,2418.86
1510,126,2024-10-16,7743.25
1511,321,2024-08-24,3326.39
1512,599,2026-03-17,7385.5
1513,826,2025-10-17,7496.32
1514,242,2024-11-23,9358.23
1515,224,2025-01-13,1485.57
1516,180,2025-01-23,2180.38
1517,282,2025-02-26,4422.78
1518,261,2024-10-20,8635.85
1519,58,2026-05-25,4929.07
1520,384,2025-07-27,7011.2
1521,116,2025-01-22,3199.07
1522,434,2025-12-28,4774.8
1523,253,2025-03-15,9634.99
1524,901,2025-05-23,7853.52
1525,149,2024-10-16,3661.83
1526,733,2026-03-23,3709.01
1527,316,2026-05-13,259.69
1528,991,2025-08-26,9057.03
1529,36,2025-01-24,8422.66
1530,679,2025-06-06,7999.47
1531,56,2024-11-09,6922.29
1532,808,2025-02-24,6732.41
1533,260,2025-01-07,5549.64
1534,317,2025-03-24,6407.54
1535,718,2025-05-05,3660.41
1536,832,2025-05-07,6868.22
1537,548,2024-10-07,8676.18
1538,879,2025-01-10,4451.91
1539,9,2024-06-20,9102.4
1540,403,2025-06-19,9278.7
1541,940,2025-02-25,2592.56
1542,93,2025-07-05,9366.41
1543,775,2024-12-26,2392.83
1544,216,2025-03-31,8601.2
1545,165,2026-01-20,9163.11
1546,647,2024-09-07,3205.98
1547,832,2025-05-24,7679.07
1548,417,2025-06-28,7903.71
1549,281,2025-01-08,8671.12
1550,843,2025-04-08,7805.59
1551,504,2024-10-17,4737.36
1552,423,2025-05-28,9268.65
1553,341,2025-04-03,7187.99
1554,898,2025-04-21,9189.53
1555,103,2025-04-23,8252.79
1556,716,2025-12-08,2646.65
1557,68,2026-02-27,3550.97
1558,617,2024-11-22,7305.85
1559,561,2025-08-11,7390.97
1560,465,2024-05-29,6967.34
1561,781,2026-03-10,568.38
1562,657,2025-12-13,1878.21
1563,455,2024-06-20,7920.64
1564,140,2025-10-10,80.6
1565,205,2025-11-05,6301.55
1566,322,2025-01-26,5779.3
1567,114,2026-03-24,1620.33
1568,529,2025-06-18,7149.96
1569,787,2025-05-08,8314.68
1570,782,2025-08-14,1344.42
1571,609,2026-02-16,6873.25
1572,812,2025-03-31,9397.21
1573,463,2025-12-06,4809.74
1574,753,2024-12-30,1378.42
1575,178,2025-02-10,6890.3
1576,847,2024-10-22,3309.43
1577,289,2026-03-28,2026.7
1578,425,2025-09-20,3707.62
1579,403,2024-06-03,8770.08
1580,968,2025-09-06,8355.06
1581,585,2025-11-26,2283.65
1582,971,2025-10-02,278.55
1583,572,2024-08-27,6488.71
1584,642,2026-04-08,2325.64
1585,92,2025-07-10,9742.57
1586,204,2024-07-08,2654.74
1587,873,2026-05-21,1729.12
1588,411,2024-10-17,6199.14
1589,615,2025-11-01,2638.57
1590,92,2026-04-15,9582.43
1591,175,2024-12-23,9475.07
1592,121,2025-03-02,190.44
1593,539,2025-04-22,4379.83
1594,943,2025-12-12,9286.43
1595,848,2026-04-01,6752.42
1596,122,2025-05-29,2283.62
1597,209,2025-08-14,1945.91
1598,883,2025-05-11,8143.45
1599,273,2026-01-08,2915.22
1600,507,2024-11-12,3851.63
1601,442,2025-08-06,8570.56
1602,615,2026-03-13,2194.89
1603,844,2024-06-21,2865.52
1604,694,2025-05-15,1934.16
1605,185,2025-12-04,4114.81
1606,150,2025-03-03,336.29
1607,1000,2025-09-15,2654.9
1608,633,2025-12-12,4537.22
1609,255,2025-09-12,3727.9
1610,701,2024-11-23,6489.99
1611,88,2025-12-13,152.69
1612,137,2025-02-07,8720.86
1613,998,2024-11-15,6945.58
1614,704,2025-11-01,2161.57
1615,393,2025-06-23,7099.11
1616,754,2024-06-28,5992.1
1617,75,2024-09-21,998.03
1618,61,2025-11-19,568.52
1619,954,2024-07-27,2386.67
1620,931,2025-09-15,3575.3
1621,621,2025-07-29,9396.25
1622,991,2024-12-04,8032.37
1623,727,2026-01-31,7495.01
1624,47,2024-10-29,103.34
1625,517,2024-11-29,6215.6
1626,310,2025-02-28,9776.36
1627,688,2024-07-03,3740.47
1628,992,2026-01-16,8927.65
1629,43,2025-05-31,5825.84
1630,267,2024-08-12,1740.17
1631,505,2024-09-09,9306.75
1632,899,2025-08-23,4707.44
1633,92,2024-06-22,3207.31
1634,544,2024-11-15,4357.65
1635,267,2025-06-22,1212.58
1636,46,2025-09-09,9786.24
1637,512,2024-06-29,8723.21
1638,855,2025-05-13,2845.96
1639,370,2024-09-06,9266.06
1640,290,2024-08-27,9032.79
1641,270,2026-01-23,6148.67
1642,780,2025-10-12,9270.83
1643,530,2025-01-12,3164.45
1644,915,2024-07-05,1691.59
1645,755,2026-05-04,9945.92
1646,783,2024-07-28,9503.0
1647,570,2025-01-06,8537.68
1648,674,2026-05-01,6384.69
1649,451,2025-07-27,579.56
1650,153,2024-05-30,592.94
1651,188,2025-11-08,406.83
1652,267,2025-08-01,1677.37
1653,479,2024-09-12,4392.48
1654,917,2024-07-17,9275.7
1655,42,2024-06-11,4443.12
1656,727,2026-01-20,5630.5
1657,469,2024-08-22,4955.24
1658,867,2024-07-13,7211.65
1659,152,2025-03-28,1280.36
1660,96,2024-07-08,2077.15
1661,291,2025-04-11,1847.52
1662,173,2025-01-15,7511.87
1663,843,2025-05-19,2764.28
1664,913,2025-08-07,6648.22
1665,218,2024-10-31,5856.3
1666,995,2025-01-21,91.05
1667,786,2025-12-05,5729.34
1668,427,2026-02-06,9208.11
1669,253,2024-12-27,7694.12
1670,694,2025-08-25,988.34
1671,337,2025-06-01,308.32
1672,698,2026-04-05,9814.28
1673,125,2025-07-30,3971.99
1674,605,2024-08-04,9295.03
1675,109,2025-05-24,8377.92
1676,158,2024-08-17,337.3
1677,472,2024-12-13,8315.46
1678,676,2025-05-28,4824.56
1679,644,2024-07-06,9554.26
1680,609,2024-06-02,6597.16
1681,338,2026-05-20,9699.22
1682,672,2025-07-09,6242.53
1683,464,2024-08-05,3282.91
1684,750,2024-07-24,9998.22
1685,929,2026-05-12,9576.16
1686,583,2025-07-24,1336.74
1687,884,2024-08-04,534.39
1688,660,2026-02-15,2865.39
1689,818,2026-04-18,602.57
1690,73,2025-04-11,5494.2
1691,617,2026-01-30,3844.84
1692,409,2025-06-08,2588.88
1693,246,2026-03-29,9652.24
1694,887,2024-12-04,4019.23
1695,22,2025-10-08,8530.84
1696,167,2025-04-03,3915.6
1697,413,2025-02-25,2885.11
1698,771,2025-12-30,9546.6
1699,158,2025-06-08,1249.99
1700,503,2025-04-13,8020.95
1701,754,2024-12-21,8073.21
1702,318,2025-03-03,9042.16
1703,618,2024-09-04,1356.3
1704,682,2025-12-03,1006.31
1705,377,2026-04-25,5150.9
1706,502,2025-10-30,4482.15
1707,398,2025-03-09,4790.57
1708,577,2024-11-30,6023.39
1709,93,2025-01-03,7577.08
1710,831,2024-10-25,3713.95
1711,191,2024-06-10,4369.35
1712,437,2024-12-29,974.83
1713,526,2025-05-05,3450.36
1714,475,2025-07-08,6780.58
1715,664,2025-07-19,6878.05
1716,159,2025-05-11,9310.14
1717,540,2024-08-08,6314.12
1718,538,2026-01-31,885.5
1719,480,2024-12-19,4401.69
1720,929,2026-03-15,8025.37
1721,308,2024-08-21,1528.64
1722,131,2025-07-04,6858.92
1723,308,2025-05-10,8423.3
1724,536,2024-10-19,4305.93
1725,583,2026-04-06,524.9
1726,79,2025-03-10,9177.16
1727,526,2025-10-09,1120.94
1728,436,2024-07-13,4159.54
1729,476,2025-04-07,6625.51
1730,583,2025-11-20,8137.61
1731,364,2025-12-31,2585.86
1732,84,2024-12-30,7698.04
1733,17,2025-09-29,1183.66
1734,678,2025-05-18,4655.65
1735,806,2025-02-01,1862.97
1736,403,2025-08-01,500.32
1737,427,2024-07-04,8773.72
1738,305,2024-12-29,3173.77
1739,742,2025-11-17,4577.23
1740,687,2025-01-02,4526.98
1741,828,2025-11-06,2687.49
1742,990,2024-10-18,9185.21
1743,830,2024-06-01,1912.56
1744,190,2025-04-13,828.29
1745,619,2025-03-24,2630.21
1746,690,2025-01-10,1107.99
1747,548,2024-12-20,228.26
1748,405,2026-04-26,1210.95
1749,176,2025-08-02,6575.22
1750,472,2025-12-04,6933.47
1751,890,2024-06-10,6594.29
1752,763,2024-08-13,6038.78
1753,499,2024-08-06,3062.86
1754,833,2025-06-02,9740.52
1755,370,2026-04-27,6922.09
1756,987,2024-06-25,6918.42
1757,405,2026-05-09,8056.18
1758,90,2025-05-15,1294.64
1759,15,2025-08-07,1948.48
1760,836,2024-10-13,208.06
1761,994,2026-04-15,1922.8
1762,28,2025-03-06,2131.83
1763,665,2025-06-13,1494.28
1764,248,2025-08-01,4386.1
1765,642,2025-09-21,8588.98
1766,552,2024-06-14,1949.6
1767,309,2025-08-02,7708.73
1768,152,2024-06-27,4766.19
1769,23,2025-12-07,1208.77
1770,925,2024-06-28,1566.6
1771,720,2025-07-24,4480.4
1772,497,2025-11-03,4741.32
1773,881,2025-11-18,4522.69
1774,249,2025-07-18,2053.32
1775,584,2025-01-13,8303.04
1776,402,2024-11-25,556.68
1777,9,2025-11-12,1071.5
1778,868,2025-08-23,7145.27
1779,1003,2025-01-15,4186.07
1780,508,2025-07-03,7383.93
1781,611,2026-02-22,7324.23
1782,298,2024-07-18,418.32
1783,410,2025-06-29,4886.7
1784,606,2024-08-04,7259.91
1785,958,2025-02-02,6802.75
1786,837,2025-10-12,8682.96
1787,238,2026-04-13,7157.19
1788,541,2025-06-11,239.25
1789,591,2024-07-14,3192.71
1790,66,2024-07-11,2715.1
1791,664,2026-02-03,4200.52
1792,485,2025-04-21,1213.56
1793,638,2024-11-22,9392.7
1794,356,2024-07-09,4510.84
1795,447,2024-11-01,257.03
1796,295,2024-12-25,7275.78
1797,481,2026-01-02,3471.28
1798,238,2025-11-14,5100.98
1799,602,2026-03-19,9095.25
1800,348,2024-10-24,9221.27
1801,874,2024-10-24,8432.55
1802,673,2024-07-04,4711.25
1803,905,2024-06-16,2969.27
1804,729,2024-07-30,3934.19
1805,427,2026-03-31,8339.15
1806,690,2025-06-28,6542.38
1807,369,2026-04-06,7969.93
1808,819,2024-07-27,9710.87
1809,166,2026-03-23,6237.33
1810,290,2025-01-10,6922.44
1811,89,2026-03-03,6687.21
1812,133,2025-05-29,1774.25
1813,161,2025-11-13,6077.2
1814,104,2024-11-07,7945.15
1815,966,2025-01-29,9937.98
1816,311,2025-04-09,2385.45
1817,571,2024-07-10,518.14
1818,19,2024-06-03,3619.93
1819,268,2025-05-12,3602.59
1820,163,2024-11-28,1788.41
1821,881,2025-11-01,8949.85
1822,33,2026-04-09,8077.81
1823,346,2025-10-30,4334.67
1824,633,2025-10-15,2305.57
1825,576,2025-07-22,2279.75
1826,265,2025-12-19,9936.95
1827,804,2026-05-18,3584.65
1828,48,2024-05-27,7712.44
1829,571,2026-02-15,2711.54
1830,155,2025-09-25,8541.41
1831,895,2025-12-02,5178.11
1832,686,2025-10-06,1086.21
1833,52,2024-10-08,9269.99
1834,449,2025-04-26,7999.92
1835,986,2025-10-15,8423.89
1836,114,2025-04-05,9747.86
1837,801,2024-09-23,6125.2
1838,801,2024-08-07,8590.95
1839,105,2025-09-04,8244.92
1840,43,2025-03-08,5097.69
1841,172,2024-08-29,6317.76
1842,892,2025-03-06,2093.59
1843,371,2025-04-23,1612.47
1844,300,2025-12-18,7096.23
1845,781,2026-02-19,5083.67
1846,751,2024-08-30,8711.4
1847,158,2025-09-04,6488.58
1848,343,2025-06-12,8200.65
1849,126,2026-04-26,8493.52
1850,450,2025-10-21,9697.88
1851,788,2025-12-14,7701.88
1852,252,2024-09-09,8356.39
1853,486,2024-06-21,3446.13
1854,518,2025-02-23,1754.05
1855,273,2025-01-07,3755.74
1856,773,2025-12-21,4179.34
1857,645,2025-08-01,6666.7
1858,156,2026-02-21,7544.4
1859,543,2024-06-19,4246.14
1860,234,2025-04-19,1423.04
1861,440,2025-06-21,4163.42
1862,420,2025-08-19,8985.75
1863,975,2025-04-25,8531.29
1864,814,2024-06-12,6837.88
1865,967,2025-04-02,346.14
1866,150,2024-11-12,7713.01
1867,735,2024-12-11,8072.16
1868,967,2026-05-06,742.33
1869,347,2024-09-21,3182.31
1870,791,2026-02-04,1685.03
1871,63,2025-05-12,3963.0
1872,38,2026-03-03,6618.75
1873,657,2025-11-19,1551.97
1874,589,2026-01-08,625.21
1875,647,2024-11-09,9801.47
1876,819,2025-05-30,6620.6
1877,533,2025-01-14,9727.98
1878,430,2026-04-16,4049.93
1879,698,2025-04-22,7022.86
1880,895,2025-04-16,3078.01
1881,761,2025-11-14,3171.27
1882,353,2025-01-24,128.63
1883,287,2025-09-10,9007.07
1884,626,2026-01-30,9208.48
1885,718,2024-11-30,4069.18
1886,660,2024-08-22,2091.08
1887,558,2025-12-08,6262.38
1888,634,2024-11-03,6537.77
1889,715,2025-07-14,3485.24
1890,832,2024-10-05,7826.55
1891,415,2025-03-31,7765.23
1892,903,2025-12-21,3050.24
1893,38,2024-06-26,5397.46
1894,400,2024-11-19,7264.73
1895,758,2025-05-03,8804.76
1896,533,2025-08-31,9919.64
1897,291,2025-05-23,2176.66
1898,524,2024-06-08,5540.27
1899,534,2025-04-12,3440.05
1900,651,2024-12-26,1642.27
1901,29,2025-09-05,8908.68
1902,553,2026-02-24,5945.41
1903,248,2024-07-17,8330.68
1904,312,2025-11-23,7278.77
1905,518,2026-04-05,1148.9
1906,62,2025-01-10,8423.76
1907,266,2024-10-29,6288.55
1908,363,2025-11-17,1281.94
1909,775,2024-12-19,6527.08
1910,128,2025-12-01,4514.93
1911,587,2025-06-06,7381.74
1912,465,2024-06-18,3422.85
1913,242,2024-12-23,8063.61
1914,596,2024-12-05,5677.69
1915,916,2025-06-16,9378.52
1916,682,2025-05-29,5356.22
1917,610,2025-04-14,2376.69
1918,307,2024-10-17,2881.13
1919,804,2025-11-08,8160.04
1920,587,2025-02-01,6740.72
1921,732,2026-02-10,3807.77
1922,756,2024-10-02,2513.95
1923,336,2025-02-01,5188.7
1924,198,2025-08-27,8237.29
1925,370,2025-07-17,4570.38
1926,151,2025-03-24,7130.82
1927,849,2024-07-18,4149.93
1928,95,2024-10-10,668.83
1929,910,2025-05-13,1344.13
1930,220,2025-05-25,4489.33
1931,379,2025-05-06,6784.38
1932,413,2024-12-23,5902.98
1933,532,2025-10-02,7799.31
1934,893,2024-12-01,2673.75
1935,511,2025-06-05,6382.79
1936,451,2025-11-19,6905.73
1937,971,2025-04-16,4920.93
1938,997,2025-01-17,4198.38
1939,167,2024-08-20,1486.24
1940,131,2024-08-16,4873.41
1941,469,2025-09-25,1337.38
1942,722,2025-12-12,5156.2
1943,542,2025-09-02,1224.68
1944,218,2024-08-08,4581.55
1945,34,2024-10-30,7477.64
1946,967,2025-07-30,5612.32
1947,944,2025-03-19,9520.63
1948,617,2024-12-04,8530.56
1949,113,2025-10-16,1252.62
1950,586,2025-08-02,2931.43
1951,536,2026-01-02,1575.38
1952,381,2025-06-15,3084.0
1953,384,2024-09-22,3067.44
1954,498,2025-02-09,328.38
1955,147,2026-01-14,1464.29
1956,604,2025-02-08,4246.48
1957,960,2024-06-12,8947.82
1958,911,2024-08-22,2870.65
1959,188,2024-12-19,8200.29
1960,501,2024-09-09,70.75
1961,561,2025-11-30,3519.06
1962,892,2026-02-15,494.59
1963,493,2026-01-17,5751.94
1964,580,2025-02-19,4551.13
1965,346,2025-11-10,7824.43
1966,487,2025-07-18,8352.88
1967,854,2025-06-21,6076.81
1968,781,2024-07-28,1428.3
1969,652,2024-11-29,4636.31
1970,461,2024-11-16,6688.85
1971,153,2026-03-11,8670.14
1972,334,2025-01-05,938.68
1973,640,2025-08-10,6661.8
1974,420,2025-10-03,3902.99
1975,922,2026-01-20,3984.2
1976,554,2025-12-01,505.91
1977,687,2025-04-27,8905.93
1978,754,2024-10-02,2809.88
1979,91,2025-05-16,8666.24
1980,725,2026-01-08,296.8
1981,646,2025-09-15,7971.78
1982,725,2026-02-06,3123.04
1983,661,2026-02-14,1281.63
1984,573,2024-06-12,897.26
1985,979,2025-12-05,6206.11
1986,591,2024-06-19,7588.27
1987,981,2025-08-28,5723.93
1988,194,2025-06-07,7518.06
1989,515,2024-07-22,8973.8
1990,124,2026-02-27,6599.63
1991,545,2025-12-10,1838.45
1992,20,2024-09-03,2785.88
1993,211,2025-07-28,2490.6
1994,723,2025-10-11,8397.23
1995,594,2025-08-23,4470.08
1996,827,2025-06-12,5358.76
1997,329,2026-04-06,4047.89
1998,47,2024-09-17,4940.16
1999,957,2024-12-03,281.47
2000,448,2024-08-23,1846.05
2001,25,2024-11-13,8603.5
2002,325,2024-06-10,3851.01
2003,94,2026-04-25,1190.71
2004,102,2026-03-01,5440.7
2005,293,2025-02-12,1483.14
2006,262,2024-06-24,7694.63
2007,158,2024-10-02,3102.6
2008,418,2026-04-10,6802.16
2009,61,2024-10-26,6164.03
2010,334,2024-08-28,1855.51
2011,731,2024-05-26,632.09
2012,400,2024-06-29,1032.5
2013,146,2025-02-12,4157.59
2014,332,2024-06-16,2616.45
2015,965,2025-04-10,8286.03
2016,124,2025-10-03,566.19
2017,246,2024-08-25,7533.73
2018,601,2026-01-14,2403.09
2019,521,2025-06-04,7536.28
2020,395,2024-08-18,9496.1
2021,276,2025-09-10,653.29
2022,476,2025-11-01,5553.55
2023,68,2024-09-30,4867.51
2024,418,2025-07-30,6353.74
2025,936,2025-07-11,8867.25
2026,276,2024-06-12,5563.05
2027,601,2025-08-25,6767.22
2028,253,2024-10-18,7641.63
2029,668,2025-10-30,7862.88
2030,312,2025-05-27,5704.04
2031,457,2024-08-02,884.89
2032,652,2026-02-24,5029.3
2033,802,2024-11-21,9680.72
2034,383,2025-02-14,5427.38
2035,173,2024-07-01,7831.14
2036,551,2025-05-18,9528.5
2037,985,2025-07-29,9119.35
2038,463,2025-12-18,465.83
2039,833,2024-11-17,4673.29
2040,850,2024-11-13,6226.26
2041,669,2025-12-17,9722.21
2042,1,2026-05-20,648.74
2043,944,2024-12-13,4847.75
2044,613,2025-03-15,2546.35
2045,697,2024-08-29,3832.53
2046,360,2025-05-16,8432.26
2047,218,2025-12-14,5872.33
2048,523,2024-11-23,2849.05
2049,166,2024-09-26,7404.87
2050,577,2024-05-28,745.86
2051,92,2026-02-02,3983.28
2052,126,2024-12-22,8313.46
2053,743,2025-05-20,5586.97
2054,287,2025-01-10,8788.88
2055,216,2025-01-08,6123.93
2056,981,2024-07-28,8030.46
2057,906,2025-06-29,6836.9
2058,351,2026-03-13,6369.94
2059,1004,2025-10-05,7539.31
2060,464,2024-06-13,2766.48
2061,679,2025-06-27,9831.07
2062,350,2025-06-14,2145.71
2063,983,2025-08-16,6015.16
2064,17,2025-02-01,9144.48
2065,137,2024-08-07,6482.11
2066,3,2025-01-26,6107.43
2067,5,2026-04-08,9019.38
2068,689,2025-01-17,1776.68
2069,570,2026-04-03,8957.92
2070,721,2024-10-03,4915.32
2071,403,2025-09-13,5404.41
2072,807,2024-10-19,8773.37
2073,667,2024-09-27,821.36
2074,32,2025-04-10,8931.09
2075,836,2025-05-03,6732.55
2076,689,2025-08-02,1277.99
2077,996,2025-03-08,8137.17
2078,848,2025-08-21,6033.04
2079,397,2026-03-12,1813.01
2080,787,2025-09-27,8128.1
2081,9,2024-12-08,1291.4
2082,380,2025-01-21,9365.67
2083,456,2025-08-24,143.16
2084,761,2026-05-15,246.83
2085,288,2026-01-02,6821.52
2086,727,2024-12-20,3610.32
2087,93,2024-11-25,8171.99
2088,641,2025-01-11,3066.63
2089,736,2025-04-24,2250.42
2090,1004,2025-01-15,4963.4
2091,372,2025-02-26,416.12
2092,505,2025-01-02,9049.85
2093,724,2024-10-06,6079.97
2094,8,2025-01-28,2001.06
2095,841,2024-12-30,6402.44
2096,114,2025-07-20,8705.67
2097,583,2024-08-27,5028.24
2098,175,2025-06-27,5540.26
2099,676,2025-04-01,7401.21
2100,689,2025-07-17,6839.72
2101,579,2025-08-05,1796.51
2102,603,2025-02-23,1326.05
2103,67,2025-07-06,1317.94
2104,956,2025-12-30,5720.54
2105,234,2025-10-21,8815.98
2106,747,2024-12-02,7833.41
2107,197,2024-10-06,8484.29
2108,24,2025-09-30,9919.92
2109,710,2025-06-29,6793.46
2110,630,2024-10-27,2566.56
2111,574,2025-03-13,8836.86
2112,3,2025-05-31,9382.01
2113,657,2025-12-10,6747.34
2114,666,2025-01-16,566.03
2115,962,2025-07-10,3263.84
2116,865,2024-06-22,9951.31
2117,281,2025-07-24,1261.09
2118,531,2025-11-15,4692.54
2119,371,2025-03-05,5196.71
2120,45,2025-07-05,8843.83
2121,230,2025-04-26,517.3
2122,941,2025-04-01,4229.62
2123,460,2024-09-23,3196.61
2124,402,2024-11-01,1986.35
2125,84,2025-06-19,8806.98
2126,828,2026-05-03,302.45
2127,756,2025-07-05,2295.0
2128,707,2024-06-26,4267.01
2129,77,2025-06-17,9174.1
2130,202,2025-11-01,1686.59
2131,319,2025-08-30,675.3
2132,641,2026-01-25,1012.42
2133,492,2025-05-26,4347.89
2134,25,2025-03-31,5945.68
2135,642,2024-09-20,9353.85
2136,861,2025-12-31,2541.57
2137,111,2024-10-08,4762.09
2138,982,2025-02-17,3440.98
2139,56,2024-06-27,8225.26
2140,533,2024-07-04,7951.41
2141,967,2026-05-06,775.46
2142,615,2025-08-01,6214.69
2143,783,2026-03-31,1001.92
2144,458,2026-01-23,5810.4
2145,88,2026-04-07,9746.53
2146,939,2024-10-23,381.77
2147,321,2025-06-13,8906.33
2148,711,2025-09-16,697.03
2149,131,2024-11-27,666.92
2150,822,2025-02-12,4447.09
2151,309,2026-02-16,6126.85
2152,443,2025-05-22,704.61
2153,694,2026-03-25,605.11
2154,54,2025-12-11,2984.42
2155,391,2025-10-24,4046.75
2156,633,2025-09-13,7532.04
2157,239,2026-01-13,8652.6
2158,807,2024-07-24,6614.25
2159,11,2026-04-02,4561.44
2160,476,2026-02-03,7961.89
2161,902,2025-08-11,6221.1
2162,104,2024-07-11,3429.18
2163,961,2024-08-06,6773.97
2164,27,2026-01-17,4568.06
2165,337,2026-04-03,5898.74
2166,111,2024-07-25,1071.76
2167,610,2025-02-16,7147.33
2168,608,2026-05-08,7904.69
2169,199,2026-02-28,9048.48
2170,130,2025-01-06,6391.77
2171,263,2025-04-23,3586.14
2172,493,2024-09-19,7260.0
2173,456,2025-10-15,1899.94
2174,141,2025-01-26,7980.4
2175,62,2025-02-27,1320.42
2176,599,2024-10-26,4386.69
2177,983,2025-10-22,6534.46
2178,367,2024-08-09,3146.32
2179,907,2026-05-06,5434.38
2180,150,2026-01-11,1516.72
2181,317,2025-02-12,6053.13
2182,299,2024-06-30,3719.86
2183,9,2024-06-09,5200.92
2184,674,2026-05-01,6799.09
2185,59,2024-09-02,2412.0
2186,839,2025-09-24,8359.99
2187,880,2025-04-01,593.34
2188,353,2025-04-06,1994.3
2189,206,2025-03-29,6423.52
2190,207,2024-06-15,7863.37
2191,350,2025-11-25,1934.09
2192,488,2024-08-29,6963.08
2193,479,2026-03-13,6017.63
2194,340,2025-09-04,8527.49
2195,580,2026-03-10,9632.5
2196,631,2025-12-18,3031.33
2197,337,2025-12-05,1664.69
2198,466,2024-07-19,8767.25
2199,933,2024-09-12,469.81
2200,225,2024-12-20,9203.54
2201,655,2024-07-05,2269.1
2202,236,2024-06-04,4692.04
2203,219,2026-03-28,2428.24
2204,753,2025-01-29,7695.07
2205,835,2024-09-04,3348.58
2206,758,2024-09-14,3790.32
2207,410,2025-09-03,1883.23
2208,7,2025-08-13,3660.03
2209,76,2024-08-30,3610.97
2210,569,2025-01-18,1196.13
2211,298,2025-05-27,4432.06
2212,647,2026-03-06,5877.58
2213,784,2024-08-31,3631.1
2214,999,2025-02-17,345.37
2215,203,2025-10-29,2876.8
2216,225,2024-05-27,8859.55
2217,737,2025-02-09,1784.13
2218,868,2026-01-06,5567.32
2219,183,2025-12-14,2000.08
2220,181,2026-01-09,8436.67
2221,933,2026-02-17,1056.84
2222,852,2024-07-05,6790.65
2223,389,2024-08-01,6565.95
2224,907,2025-09-12,1154.14
2225,959,2026-04-01,2141.86
2226,468,2025-04-20,2439.49
2227,829,2026-02-25,3754.89
2228,176,2025-08-31,9414.56
2229,1001,2026-01-23,8000.28
2230,639,2026-01-04,8822.55
2231,900,2025-11-10,7123.87
2232,122,2026-05-06,1487.1
2233,947,2025-05-19,1351.41
2234,195,2025-07-21,1957.23
2235,388,2025-07-31,6958.82
2236,326,2024-10-06,6015.51
2237,1001,2024-11-23,6379.62
2238,944,2025-09-28,509.64
2239,631,2025-08-30,5893.89
2240,875,2025-01-23,5377.91
2241,809,2025-01-03,1528.24
2242,254,2025-08-23,579.93
2243,815,2024-10-10,2836.73
2244,130,2025-07-27,8522.45
2245,992,2024-12-30,5861.62
2246,501,2025-10-08,2131.91
2247,84,2025-06-07,7857.42
2248,810,2025-09-17,6651.85
2249,67,2025-10-29,1715.96
2250,398,2025-11-04,7525.51
2251,661,2025-06-12,7523.81
2252,384,2024-11-28,5010.95
2253,476,2025-10-13,1831.04
2254,730,2026-03-05,3770.09
2255,712,2026-05-07,4858.81
2256,979,2025-09-08,4973.18
2257,275,2026-05-20,5832.81
2258,654,2024-07-03,9215.79
2259,598,2024-12-14,6514.89
2260,213,2025-11-07,2234.29
2261,208,2026-04-14,4548.2
2262,241,2025-04-08,3989.2
2263,314,2024-06-19,4278.98
2264,387,2025-04-16,5735.14
2265,958,2025-07-31,8432.19
2266,261,2026-03-26,5527.99
2267,138,2026-05-13,7528.65
2268,303,2025-05-28,4472.83
2269,361,2025-07-18,2340.27
2270,43,2026-04-27,4679.27
2271,637,2024-12-03,3396.92
2272,462,2024-09-01,4702.13
2273,419,2025-02-22,3706.74
2274,510,2025-11-17,3204.35
2275,392,2024-07-01,295.95
2276,453,2025-02-16,2376.21
2277,661,2024-07-13,805.09
2278,924,2025-10-28,870.06
2279,863,2026-02-01,5042.56
2280,560,2025-04-10,6454.36
2281,805,2025-03-27,2800.43
2282,234,2024-10-04,1029.17
2283,74,2025-07-21,3634.36
2284,560,2025-11-08,2043.05
2285,202,2026-01-31,6767.32
2286,257,2025-05-16,3062.02
2287,836,2026-04-14,7696.4
2288,866,2024-09-21,2780.92
2289,723,2026-05-07,6060.14
2290,142,2025-12-23,9984.13
2291,771,2025-12-31,7176.04
2292,557,2025-01-14,9128.21
2293,9,2025-01-18,7712.26
2294,289,2025-11-29,8231.97
2295,802,2026-02-16,9968.58
2296,969,2026-04-23,4087.3
2297,594,2025-08-08,7590.17
2298,13,2025-03-01,4746.44
2299,525,2024-07-27,9893.28
2300,975,2026-03-14,1535.35
2301,408,2025-06-22,2314.41
2302,741,2025-10-24,7503.91
2303,486,2025-09-20,2375.55
2304,602,2025-07-15,7870.45
2305,776,2025-01-05,4713.95
2306,834,2025-01-18,4640.94
2307,811,2026-04-14,904.46
2308,867,2025-08-27,1919.07
2309,789,2024-07-05,9422.2
2310,428,2025-12-26,2135.37
2311,461,2026-04-24,8536.79
2312,31,2024-09-11,3778.27
2313,592,2024-12-29,8743.81
2314,313,2026-01-27,9436.37
2315,10,2024-10-16,5023.01
2316,675,2026-03-05,8351.27
2317,348,2024-10-24,2293.63
2318,436,2024-05-30,6873.34
2319,414,2025-06-25,7640.27
2320,708,2026-05-13,5399.16
2321,334,2024-11-18,5890.2
2322,582,2025-01-05,7864.31
2323,945,2024-08-18,1434.39
2324,1001,2024-09-28,9528.74
2325,339,2025-04-20,5703.5
2326,819,2025-10-12,6049.88
2327,623,2026-03-19,5760.09
2328,401,2025-04-22,9802.71
2329,210,2024-10-03,9489.49
2330,66,2024-09-02,5368.18
2331,193,2026-02-10,4774.04
2332,337,2025-04-25,5716.67
2333,463,2026-02-18,6408.08
2334,312,2025-02-27,977.75
2335,107,2025-06-23,6765.11
2336,182,2025-08-29,368.99
2337,706,2026-03-21,6053.47
2338,28,2025-02-27,1907.59
2339,72,2025-11-24,9117.89
2340,396,2025-11-11,2873.99
2341,239,2025-12-06,2946.5
2342,537,2025-03-03,746.3
2343,59,2024-08-18,3718.09
2344,12,2026-05-02,1759.67
2345,881,2025-05-23,9102.63
2346,401,2026-01-17,1612.5
2347,114,2024-10-16,1334.92
2348,429,2026-04-21,4808.6
2349,71,2025-08-19,3920.48
2350,926,2026-01-19,8663.71
2351,134,2025-07-09,8710.97
2352,318,2025-12-24,4350.4
2353,727,2024-11-04,6664.69
2354,163,2025-06-10,6056.91
2355,962,2025-09-24,3137.62
2356,208,2024-10-25,5049.63
2357,702,2025-07-07,4616.62
2358,207,2024-08-25,124.06
2359,147,2024-10-28,4485.03
2360,845,2025-06-05,4022.41
2361,827,2025-10-23,2506.06
2362,337,2026-02-02,9107.51
2363,901,2026-04-10,4935.04
2364,474,2025-05-31,5782.52
2365,755,2025-07-16,956.47
2366,662,2025-01-02,8815.89
2367,468,2024-10-11,3500.48
2368,863,2025-01-30,7130.9
2369,305,2024-06-11,3941.35
2370,844,2026-03-11,8109.35
2371,180,2025-11-25,4179.77
2372,184,2025-01-22,9004.65
2373,751,2024-10-21,4349.16
2374,394,2025-04-15,9112.79
2375,188,2025-10-29,7000.29
2376,98,2025-04-05,3965.84
2377,969,2026-01-17,484.46
2378,907,2026-02-27,8711.87
2379,281,2024-12-07,8831.43
2380,551,2024-12-05,2954.3
2381,939,2025-06-22,714.1
2382,744,2025-09-28,7237.97
2383,223,2025-04-10,9091.93
2384,422,2024-05-27,9924.28
2385,567,2025-09-08,1256.24
2386,378,2025-05-28,811.51
2387,108,2025-05-09,5068.73
2388,799,2025-12-06,3293.83
2389,462,2024-08-01,1690.15
2390,213,2025-11-15,5085.34
2391,474,2025-07-06,315.84
2392,655,2024-11-12,6960.13
2393,768,2025-11-22,4645.94
2394,352,2025-08-13,7472.28
2395,877,2026-03-30,1984.32
2396,39,2024-06-10,156.84
2397,118,2025-02-08,7105.54
2398,140,2025-04-28,3304.75
2399,767,2025-03-09,4669.24
2400,473,2026-01-31,728.96
2401,562,2026-01-21,6587.37
2402,731,2024-08-28,9502.68
2403,144,2025-02-28,4734.34
2404,286,2025-04-22,8423.55
2405,175,2026-04-27,8393.03
2406,622,2024-08-12,1050.13
2407,302,2025-07-30,1285.31
2408,760,2024-09-05,3938.95
2409,80,2025-05-23,6730.35
2410,12,2025-01-26,6789.96
2411,158,2026-05-20,4434.55
2412,183,2026-05-18,2205.89
2413,36,2025-06-22,8932.24
2414,546,2025-09-24,2200.86
2415,714,2024-06-12,525.17
2416,651,2024-10-21,8124.54
2417,657,2026-03-24,6642.27
2418,676,2025-12-10,8975.25
2419,400,2024-10-30,6918.95
2420,455,2025-05-29,571.53
2421,5,2026-01-01,534.21
2422,387,2025-06-28,7682.79
2423,952,2025-08-17,2534.51
2424,931,2025-10-22,2423.48
2425,94,2025-12-12,209.58
2426,29,2024-10-10,9893.44
2427,346,2025-07-30,8214.24
2428,697,2025-10-12,6706.05
2429,226,2024-09-13,9589.52
2430,99,2025-08-05,7979.4
2431,851,2024-11-21,6657.88
2432,742,2025-07-16,1712.12
2433,426,2024-12-18,5149.38
2434,836,2024-06-19,3305.06
2435,576,2025-05-12,6286.53
2436,640,2024-06-29,2110.84
2437,555,2025-01-15,3980.89
2438,439,2024-12-12,1252.0
2439,219,2024-07-30,1103.56
2440,332,2025-09-21,1777.53
2441,412,2025-09-16,6557.23
2442,13,2025-08-12,3922.41
2443,470,2025-08-31,2239.96
2444,674,2024-10-26,8160.09
2445,666,2024-12-16,6257.9
2446,45,2025-09-16,719.95
2447,224,2025-09-06,4140.41
2448,786,2025-07-03,6008.75
2449,105,2025-08-14,7139.68
2450,811,2025-12-05,9905.79
2451,871,2024-06-10,5713.59
2452,258,2024-11-23,9592.4
2453,615,2024-12-01,3277.33
2454,647,2025-04-11,6978.34
2455,695,2024-06-23,9249.31
2456,790,2024-10-20,6952.52
2457,341,2025-01-26,1794.54
2458,780,2025-05-19,8845.47
2459,326,2025-04-28,9781.31
2460,683,2024-06-14,4847.2
2461,344,2024-11-28,225.61
2462,934,2025-08-23,5871.12
2463,392,2025-06-06,5134.71
2464,760,2025-05-03,2362.63
2465,602,2026-01-25,7061.06
2466,14,2025-11-28,2364.43
2467,632,2025-08-19,7601.46
2468,128,2024-12-13,3123.04
2469,756,2025-03-08,4313.55
2470,250,2025-10-25,6216.67
2471,62,2025-07-21,1418.68
2472,511,2025-03-27,3001.32
2473,156,2026-05-03,3788.69
2474,658,2025-08-21,427.17
2475,946,2025-03-18,7266.82
2476,969,2025-04-29,4465.08
2477,899,2024-10-07,3320.46
2478,285,2025-03-19,3209.51
2479,806,2025-11-29,7616.91
2480,534,2025-10-21,7928.21
2481,425,2025-06-11,6498.06
2482,296,2025-11-02,7517.98
2483,235,2025-05-31,8477.0
2484,340,2025-10-19,3460.15
2485,211,2024-08-05,5416.15
2486,929,2024-10-31,9180.9
2487,255,2025-10-07,8024.45
2488,713,2026-05-05,7209.05
2489,623,2025-12-31,8733.42
2490,534,2026-01-28,3250.29
2491,453,2024-12-24,6316.34
2492,67,2024-12-19,8705.17
2493,72,2024-08-31,9538.93
2494,54,2025-03-01,6361.95
2495,145,2026-01-22,9385.83
2496,129,2025-10-26,963.01
2497,607,2026-02-06,5511.03
2498,815,2026-01-20,9321.54
2499,242,2025-07-18,5098.87
2500,437,2024-11-23,7263.64
2501,319,2024-07-29,1683.38
2502,203,2025-09-30,2487.0
2503,181,2024-10-04,6078.22
2504,311,2024-10-26,2889.26
2505,460,2025-09-16,9678.87
2506,207,2025-09-18,2755.01
2507,801,2025-02-27,4837.65
2508,974,2024-06-09,9726.92
2509,408,2026-02-01,3808.29
2510,483,2025-05-01,4441.69
2511,518,2025-09-21,6113.47
2512,444,2026-04-03,7615.23
2513,840,2024-08-09,9539.89
2514,494,2026-05-21,247.12
2515,391,2025-11-11,4302.6
2516,86,2026-01-01,7600.64
2517,944,2025-06-04,3037.3
2518,551,2025-03-20,1570.35
2519,745,2025-10-26,1798.21
2520,390,2024-07-04,4663.33
2521,465,2026-04-10,2868.1
2522,576,2026-02-10,6079.95
2523,74,2024-11-18,3365.68
2524,733,2025-10-04,4719.12
2525,159,2024-06-14,9165.51
2526,5,2025-07-09,177.7
2527,513,2025-03-13,7317.17
2528,384,2024-07-24,4939.96
2529,948,2024-09-12,4187.41
2530,405,2024-10-01,9706.4
2531,383,2025-03-16,3871.17
2532,316,2026-03-22,6428.43
2533,603,2025-02-21,758.78
2534,907,2024-06-01,436.33
2535,944,2025-04-01,1288.55
2536,955,2024-12-28,5677.81
2537,199,2025-03-03,7641.36
2538,981,2025-12-20,2589.82
2539,936,2025-11-20,7528.2
2540,357,2024-11-29,5120.6
2541,501,2026-03-23,6368.05
2542,378,2025-09-26,6979.73
2543,667,2026-04-03,3884.06
2544,435,2026-03-08,7369.86
2545,249,2025-12-16,4803.37
2546,944,2025-10-04,8140.61
2547,647,2025-05-28,7080.26
2548,29,2024-12-23,6989.84
2549,661,2025-01-01,1521.45
2550,620,2024-12-13,4581.93
2551,698,2025-05-11,1516.31
2552,254,2026-04-19,6041.39
2553,975,2024-05-31,6642.92
2554,166,2025-04-16,172.76
2555,790,2026-01-30,968.44
2556,729,2025-09-26,9172.98
2557,408,2025-10-06,7075.39
2558,998,2024-10-10,9014.91
2559,531,2025-02-19,9103.99
2560,898,2025-07-03,4258.3
2561,850,2025-04-26,4297.37
2562,709,2025-10-23,3057.08
2563,991,2025-02-19,5355.35
2564,908,2025-09-24,3858.75
2565,316,2024-08-16,7352.64
2566,771,2025-10-11,8770.18
2567,746,2025-11-16,8700.71
2568,112,2024-11-14,6379.99
2569,796,2025-06-09,7985.46
2570,834,2025-08-15,1470.0
2571,767,2026-02-14,2134.78
2572,767,2024-08-07,4009.8
2573,316,2025-11-23,113.88
2574,173,2025-03-12,8173.07
2575,2,2025-02-05,1013.86
2576,793,2026-05-07,6978.35
2577,538,2026-01-08,4197.58
2578,296,2025-01-16,7343.77
2579,175,2024-07-13,1805.19
2580,191,2025-11-04,7055.27
2581,203,2025-11-16,4890.39
2582,515,2024-10-25,9487.41
2583,462,2026-04-29,5692.57
2584,218,2026-05-18,1897.1
2585,61,2026-05-04,7511.66
2586,829,2024-07-30,7603.69
2587,266,2025-02-02,9830.32
2588,893,2025-06-27,4117.48
2589,642,2024-08-03,9134.07
2590,112,2025-09-11,8690.2
2591,171,2025-05-14,844.11
2592,88,2025-09-07,3808.4
2593,284,2024-06-02,689.41
2594,31,2024-11-19,5877.18
2595,490,2024-06-27,4877.68
2596,779,2024-10-12,1053.05
2597,63,2026-03-24,2697.5
2598,979,2024-08-02,121.91
2599,597,2024-08-05,7902.61
2600,43,2025-03-21,1013.58
2601,535,2025-07-04,7928.28
2602,385,2025-02-14,6049.7
2603,986,2025-02-09,7625.57
2604,955,2024-09-05,4884.97
2605,776,2024-06-01,3403.45
2606,440,2026-04-21,3398.67
2607,699,2026-02-09,8907.01
2608,323,2025-10-24,8177.63
2609,964,2024-11-15,3644.05
2610,409,2025-03-20,3815.44
2611,59,2025-11-06,9754.29
2612,895,2024-07-17,3336.04
2613,103,2024-08-26,80.69
2614,892,2025-11-28,6998.17
2615,743,2024-09-21,8362.44
2616,948,2025-01-05,1431.69
2617,617,2024-06-15,1272.8
2618,544,2024-10-10,2830.7
2619,717,2024-12-24,7526.83
2620,255,2024-06-15,3715.88
2621,634,2024-12-14,6877.54
2622,891,2025-06-06,4778.23
2623,424,2024-08-29,6619.27
2624,4,2025-11-01,9862.5
2625,981,2025-12-11,9422.28
2626,330,2025-02-15,215.47
2627,369,2025-10-12,8740.67
2628,993,2025-02-18,8085.2
2629,334,2026-01-09,6795.4
2630,240,2025-12-21,6087.29
2631,410,2024-10-11,7405.09
2632,814,2024-07-11,859.62
2633,439,2026-02-25,9393.89
2634,965,2024-10-05,9311.9
2635,675,2024-07-09,8578.15
2636,927,2026-04-20,1049.53
2637,395,2024-09-16,2973.94
2638,200,2024-08-11,7133.82
2639,891,2025-06-01,5224.54
2640,586,2025-01-22,7859.38
2641,734,2025-04-23,5071.13
2642,131,2026-01-26,5004.35
2643,90,2026-02-28,3048.42
2644,690,2026-01-08,9963.23
2645,896,2024-10-30,4694.69
2646,918,2026-01-20,4490.55
2647,119,2025-10-16,4847.58
2648,554,2024-10-21,2446.97
2649,217,2024-11-08,1745.81
2650,967,2025-10-15,6614.46
2651,92,2024-09-18,1099.42
2652,733,2025-04-29,340.76
2653,952,2026-02-09,9293.23
2654,925,2025-10-23,3865.72
2655,288,2024-07-12,2242.74
2656,264,2025-04-11,6676.03
2657,975,2024-09-20,8980.23
2658,127,2025-04-30,6671.49
2659,945,2025-08-13,5368.71
2660,743,2024-08-03,4944.99
2661,815,2025-04-29,6933.26
2662,893,2025-12-17,2276.87
2663,590,2024-11-27,7675.06
2664,616,2024-10-04,693.44
2665,352,2025-03-27,3801.25
2666,735,2026-03-03,7442.53
2667,743,2026-04-17,3847.42
2668,658,2025-08-13,7861.56
2669,990,2024-11-19,8568.6
2670,828,2026-05-11,2372.01
2671,266,2025-06-06,1201.12
2672,90,2025-11-13,1158.26
2673,349,2024-12-27,7418.78
2674,960,2024-06-29,1922.16
2675,965,2026-02-05,1205.26
2676,377,2024-12-30,1317.8
2677,321,2025-02-10,9542.98
2678,591,2025-09-16,7382.33
2679,319,2024-10-29,665.76
2680,549,2025-08-08,1939.08
2681,398,2024-10-16,9799.5
2682,328,2025-05-05,7724.24
2683,817,2024-07-15,6809.06
2684,816,2025-02-09,1306.76
2685,680,2025-11-24,6036.1
2686,228,2024-06-01,1110.53
2687,10,2026-01-13,5406.01
2688,472,2024-11-08,3193.47
2689,836,2024-10-12,9431.75
2690,858,2025-09-02,2228.1
2691,697,2024-09-26,4585.06
2692,616,2025-06-27,2869.76
2693,765,2024-10-12,6670.24
2694,821,2024-07-25,8286.13
2695,36,2024-09-24,6008.86
2696,317,2025-01-24,5048.66
2697,706,2024-09-23,1278.47
2698,869,2024-12-06,7079.9
2699,490,2024-09-01,6329.22
2700,221,2024-11-20,4975.5
2701,722,2024-06-28,9666.63
2702,61,2025-05-12,9812.37
2703,342,2026-02-02,1569.39
2704,734,2025-01-10,2145.6
2705,751,2026-04-04,9347.61
2706,231,2025-11-24,7019.05
2707,54,2024-09-03,9235.42
2708,795,2025-10-06,1831.25
2709,500,2025-04-09,7287.58
2710,307,2026-04-19,9844.68
2711,676,2024-06-02,9128.14
2712,164,2025-05-08,9911.08
2713,562,2025-07-06,3953.24
2714,433,2025-10-03,6795.09
2715,357,2026-02-25,7589.26
2716,401,2024-09-15,764.64
2717,745,2026-01-03,2866.25
2718,714,2026-02-08,9234.48
2719,718,2025-12-18,8569.71
2720,404,2024-06-28,1018.33
2721,332,2025-10-07,7535.05
2722,595,2026-03-17,8665.26
2723,56,2026-01-04,8505.61
2724,727,2024-10-17,3075.54
2725,671,2026-05-15,1678.76
2726,141,2024-08-30,4446.74
2727,495,2025-08-14,2946.26
2728,149,2024-12-08,2137.18
2729,824,2025-03-31,7496.41
2730,753,2026-03-12,6529.82
2731,371,2026-03-04,7273.28
2732,590,2024-08-22,1064.38
2733,805,2024-10-21,9885.42
2734,152,2025-09-26,3796.73
2735,438,2026-02-07,6810.48
2736,173,2025-11-19,9263.55
2737,99,2025-05-18,3588.06
2738,486,2025-05-11,1837.35
2739,54,2026-05-01,1217.6
2740,528,2024-06-16,6518.47
2741,608,2024-10-11,4366.52
2742,153,2024-11-30,6288.38
2743,414,2025-04-30,2487.76
2744,122,2026-03-31,2446.51
2745,501,2025-06-13,3061.76
2746,611,2025-10-09,9547.83
2747,669,2025-05-22,7464.74
2748,795,2024-11-19,6933.36
2749,815,2026-02-19,6723.82
2750,92,2025-08-25,7788.42
2751,886,2024-11-06,8191.04
2752,392,2025-11-09,2788.4
2753,669,2025-03-26,4478.93
2754,12,2025-01-17,1244.0
2755,85,2024-05-29,1264.41
2756,657,2025-02-19,6704.48
2757,522,2025-01-24,2288.1
2758,601,2025-05-27,5751.17
2759,587,2025-03-18,4821.01
2760,711,2024-12-08,7466.32
2761,814,2024-10-27,5949.15
2762,394,2026-01-02,4867.71
2763,661,2024-10-13,7042.23
2764,306,2025-03-08,5735.66
2765,102,2026-03-06,3286.03
2766,731,2025-02-28,9093.36
2767,815,2024-07-14,5398.24
2768,416,2024-08-25,8138.04
2769,21,2025-01-11,3968.28
2770,838,2026-04-06,5387.35
2771,832,2026-03-14,5324.37
2772,66,2026-05-12,5213.07
2773,599,2026-04-19,5412.87
2774,839,2026-03-29,7911.17
2775,128,2024-06-19,7547.41
2776,213,2025-01-30,9658.53
2777,920,2025-03-16,1217.39
2778,883,2025-05-15,6011.07
2779,185,2025-11-23,102.97
2780,458,2026-01-11,8015.1
2781,126,2025-03-30,439.47
2782,589,2025-12-19,2101.99
2783,166,2025-10-11,923.82
2784,263,2025-07-29,8521.93
2785,36,2024-10-03,891.87
2786,128,2024-07-10,5086.18
2787,373,2025-04-16,9664.45
2788,176,2024-12-10,4259.36
2789,968,2025-01-27,6598.69
2790,255,2025-10-06,3040.97
2791,969,2024-11-20,9460.66
2792,927,2025-06-23,7838.88
2793,675,2025-06-19,5364.32
2794,144,2025-04-30,5791.86
2795,712,2024-12-17,3163.71
2796,933,2025-04-24,9860.89
2797,361,2024-12-09,6081.41
2798,523,2026-03-18,2137.9
2799,102,2026-01-10,6643.04
2800,46,2025-10-31,2409.15
2801,193,2024-11-14,1459.59
2802,877,2025-11-29,8334.65
2803,981,2025-09-15,1385.37
2804,566,2025-11-04,2199.6
2805,368,2026-01-05,2810.09
2806,747,2026-02-20,6242.01
2807,77,2025-03-03,5520.99
2808,267,2024-06-09,3848.73
2809,926,2024-09-15,1675.03
2810,468,2026-02-14,878.38
2811,261,2025-09-30,6781.43
2812,963,2024-09-17,6960.43
2813,549,2025-02-24,2077.44
2814,645,2025-11-15,7340.12
2815,649,2025-09-15,6983.19
2816,198,2024-09-24,7158.73
2817,578,2024-12-06,6590.31
2818,841,2024-12-15,5138.7
2819,168,2024-10-09,4225.88
2820,158,2025-06-25,3197.79
2821,807,2025-07-21,4364.59
2822,27,2025-03-11,9641.98
2823,254,2025-03-26,821.37
2824,128,2025-09-26,5338.13
2825,701,2024-11-10,5506.27
2826,68,2026-02-11,3327.11
2827,92,2024-08-01,3660.05
2828,342,2025-11-27,7791.81
2829,150,2025-05-25,8695.11
2830,232,2025-11-21,2772.79
2831,101,2024-12-07,3802.7
2832,993,2025-04-25,2261.14
2833,975,2025-03-25,1094.78
2834,948,2025-02-11,1278.86
2835,540,2024-10-09,7296.86
2836,314,2026-02-27,5908.83
2837,827,2025-03-11,4921.71
2838,542,2026-02-20,3521.56
2839,586,2025-11-23,8660.71
2840,565,2025-12-19,2746.99
2841,102,2026-05-20,8970.87
2842,175,2024-12-19,3214.06
2843,770,2025-08-14,3926.16
2844,354,2024-09-16,8070.55
2845,695,2026-03-08,9681.6
2846,545,2025-01-21,5539.13
2847,904,2025-04-10,8503.82
2848,489,2025-11-05,5943.49
2849,266,2025-11-22,144.5
2850,526,2024-08-04,7146.57
2851,674,2026-02-02,1307.37
2852,388,2025-06-17,5697.23
2853,274,2024-12-30,576.0
2854,743,2025-02-03,6409.98
2855,380,2026-02-19,7089.65
2856,256,2024-11-15,6798.24
2857,429,2026-02-14,7082.53
2858,188,2025-09-07,4417.65
2859,363,2026-03-25,7994.77
2860,515,2025-04-24,2903.86
2861,976,2024-06-17,4306.26
2862,965,2025-08-28,7198.74
2863,946,2025-11-04,8149.53
2864,313,2026-04-19,6374.57
2865,90,2024-11-12,9477.17
2866,417,2024-08-18,7717.26
2867,866,2024-06-22,946.9
2868,82,2025-03-13,813.1
2869,246,2024-07-13,9451.43
2870,170,2025-09-09,5774.4
2871,87,2025-06-07,7446.92
2872,568,2025-02-24,9299.41
2873,828,2025-01-24,8749.81
2874,986,2025-09-26,9486.55
2875,694,2025-01-06,5111.39
2876,749,2024-09-03,1407.46
2877,510,2024-08-20,5174.36
2878,694,2025-09-10,8886.4
2879,715,2026-01-31,1290.68
2880,15,2025-12-06,6182.05
2881,933,2026-03-29,8322.4
2882,8,2025-06-15,7155.89
2883,720,2024-12-09,5366.53
2884,354,2026-05-04,2480.05
2885,757,2025-06-24,6628.68
2886,943,2025-12-25,8242.47
2887,902,2026-03-04,9452.17
2888,701,2024-09-26,6111.48
2889,622,2025-12-18,4514.09
2890,173,2025-04-19,6761.5
2891,904,2025-11-28,7648.92
2892,926,2024-06-30,2289.43
2893,77,2025-11-20,3702.16
2894,137,2024-05-31,5161.16
2895,976,2026-04-29,556.52
2896,508,2024-11-27,3821.99
2897,383,2024-12-05,9698.8
2898,347,2026-03-26,9144.75
2899,256,2024-08-18,8325.68
2900,872,2025-11-15,7675.82
2901,121,2024-06-27,2936.14
2902,495,2025-08-19,2970.77
2903,219,2024-08-20,72.23
2904,647,2024-10-29,5709.98
2905,223,2025-10-04,9234.41
2906,952,2025-11-22,9334.46
2907,659,2025-09-08,5179.51
2908,915,2026-03-29,402.52
2909,475,2025-10-28,8930.31
2910,869,2025-12-17,4908.25
2911,365,2025-08-27,108.62
2912,472,2024-12-18,3319.09
2913,363,2025-12-28,1116.28
2914,359,2025-02-28,8907.45
2915,191,2025-03-24,4050.58
2916,10,2024-07-17,1058.31
2917,504,2026-04-19,2015.57
2918,542,2024-11-19,5167.47
2919,158,2024-11-18,4136.65
2920,936,2025-12-01,4899.75
2921,160,2024-12-27,7706.0
2922,257,2025-09-14,2299.65
2923,405,2025-07-16,3774.38
2924,374,2025-02-21,4312.0
2925,187,2024-10-14,5387.45
2926,276,2026-03-17,1131.52
2927,450,2026-02-23,6579.98
2928,450,2025-02-08,1660.25
2929,363,2025-01-31,7483.56
2930,6,2026-05-11,3624.41
2931,892,2025-06-30,7106.73
2932,114,2025-05-16,1936.19
2933,42,2025-12-12,1380.12
2934,432,2026-01-12,7452.04
2935,923,2024-09-06,364.49
2936,683,2025-07-28,2029.97
2937,491,2025-07-20,9599.0
2938,273,2025-09-30,1231.98
2939,501,2026-03-18,5523.73
2940,820,2026-02-09,6833.28
2941,131,2025-01-21,3282.63
2942,783,2025-05-09,7814.36
2943,410,2025-05-06,5043.49
2944,946,2024-07-28,7431.84
2945,846,2026-02-19,3919.04
2946,113,2025-03-24,9578.9
2947,812,2025-06-28,260.46
2948,160,2025-06-23,3474.0
2949,14,2024-09-01,7685.48
2950,243,2026-05-20,567.8
2951,850,2024-12-23,3454.3
2952,1000,2026-04-18,5991.01
2953,9,2026-03-10,4371.57
2954,297,2025-09-14,2858.12
2955,85,2024-12-28,7620.95
2956,254,2024-10-16,6195.25
2957,747,2024-12-14,5136.84
2958,256,2024-06-06,2847.33
2959,118,2025-10-13,8648.46
2960,718,2024-07-21,2511.18
2961,841,2026-04-20,4320.13
2962,486,2025-07-05,7079.29
2963,830,2024-09-05,1075.5
2964,748,2026-02-16,5048.22
2965,186,2025-06-23,1927.26
2966,876,2024-12-24,5932.4
2967,650,2024-10-19,1529.82
2968,124,2025-04-07,1366.34
2969,40,2024-11-05,2774.92
2970,197,2025-09-12,9294.53
2971,437,2025-07-16,225.73
2972,205,2024-07-17,954.81
2973,53,2025-07-16,3834.51
2974,538,2025-07-10,3099.14
2975,649,2025-02-16,9802.24
2976,228,2025-04-23,3394.97
2977,491,2026-02-07,660.43
2978,438,2026-01-09,6456.54
2979,312,2024-09-18,1145.05
2980,373,2025-03-06,2841.53
2981,360,2025-08-09,7130.28
2982,253,2024-10-21,3232.42
2983,49,2024-08-22,1858.43
2984,1,2025-03-07,568.7
2985,763,2025-12-20,3250.31
2986,293,2025-10-07,4746.98
2987,931,2025-05-25,6084.89
2988,442,2025-11-07,1889.16
2989,972,2025-03-04,4938.3
2990,343,2025-09-10,3078.35
2991,100,2025-12-28,6706.03
2992,700,2025-03-05,5540.09
2993,883,2026-01-19,1346.57
2994,370,2026-03-04,7425.86
2995,371,2024-06-21,7442.17
2996,604,2026-01-09,5312.18
2997,381,2025-11-12,2420.61
2998,283,2025-10-10,2139.83
2999,394,2024-11-30,917.95
3000,109,2025-01-23,1348.33
3001,761,2025-10-06,6038.26
3002,43,2025-07-13,5886.29
3003,935,2026-02-13,8846.21
3004,838,2024-10-04,1944.81
3005,722,2026-05-17,4485.41
3006,102,2025-10-11,795.05
3007,560,2025-12-05,6209.15
3008,309,2026-05-18,7267.24
3009,780,2024-11-15,2059.89
3010,739,2025-10-21,1579.04
3011,131,2026-01-18,1957.48
3012,564,2026-01-05,7130.45
3013,913,2025-10-02,8776.9
3014,874,2025-11-05,8468.58
3015,574,2025-02-02,9752.51
3016,917,2025-06-27,3691.82
3017,645,2025-08-19,7187.39
3018,933,2024-11-04,4389.45
3019,495,2024-09-02,4219.09
3020,954,2024-12-05,9526.82
3021,810,2025-06-15,267.66
3022,614,2025-01-29,2777.78
3023,991,2025-02-19,1332.9
3024,47,2025-06-13,9560.24
3025,63,2025-02-12,7954.18
3026,711,2024-07-26,1942.4
3027,835,2025-05-26,4005.06
3028,702,2025-01-15,5348.08
3029,526,2025-05-05,9716.81
3030,170,2025-10-02,4405.56
3031,522,2026-01-07,3872.3
3032,799,2025-07-12,3932.96
3033,622,2026-02-03,2751.37
3034,189,2024-06-25,85.83
3035,586,2024-09-12,2217.19
3036,714,2024-07-13,138.17
3037,951,2026-02-22,7916.94
3038,467,2025-11-29,5062.99
3039,738,2024-09-06,5274.48
3040,311,2025-02-09,8532.13
3041,304,2025-10-21,7097.13
3042,566,2025-03-28,1235.08
3043,230,2026-04-16,503.84
3044,244,2026-03-12,2953.84
3045,655,2026-04-21,1523.99
3046,905,2024-08-24,2813.68
3047,137,2025-02-20,2740.83
3048,810,2024-09-12,562.62
3049,1004,2024-11-22,2527.63
3050,844,2026-03-05,2139.23
3051,119,2026-04-18,63.93
3052,356,2025-07-31,6345.19
3053,996,2026-03-04,3722.65
3054,86,2025-06-11,9466.96
3055,906,2025-12-03,5515.29
3056,740,2024-12-21,1379.44
3057,920,2025-03-20,6134.25
3058,333,2025-01-14,9853.35
3059,641,2026-05-04,8168.43
3060,844,2024-09-16,3587.06
3061,749,2025-03-08,9654.01
3062,181,2024-10-21,2597.07
3063,17,2025-04-07,5397.02
3064,1003,2025-12-05,8686.42
3065,962,2024-07-23,7816.11
3066,109,2025-04-03,7239.89
3067,705,2025-09-23,3850.71
3068,670,2025-09-03,2610.58
3069,642,2026-01-11,6361.34
3070,565,2024-06-07,2101.28
3071,453,2025-12-14,2245.36
3072,276,2025-12-22,2078.99
3073,645,2024-10-21,8086.94
3074,771,2025-01-20,3984.86
3075,457,2024-05-27,2355.65
3076,744,2025-01-30,4367.34
3077,152,2025-05-07,9026.57
3078,96,2026-02-18,4984.81
3079,471,2025-06-05,1891.03
3080,884,2025-10-28,1802.3
3081,584,2026-05-01,4930.66
3082,747,2025-12-18,1845.05
3083,289,2025-03-13,259.42
3084,167,2024-08-03,8858.27
3085,838,2024-09-25,3972.26
3086,623,2025-05-29,1919.09
3087,147,2025-02-10,766.88
3088,252,2025-05-24,4577.49
3089,661,2025-08-20,9705.34
3090,103,2024-10-12,7256.85
3091,141,2025-12-23,7281.31
3092,828,2025-04-19,167.3
3093,103,2026-04-28,3809.86
3094,22,2025-04-12,1144.85
3095,14,2024-06-27,7646.29
3096,660,2025-10-18,9350.04
3097,136,2024-07-07,2521.01
3098,86,2025-02-24,2713.18
3099,962,2025-06-21,6292.47
3100,14,2025-08-17,7934.38
3101,10,2025-04-07,9578.3
3102,109,2025-12-04,5446.58
3103,838,2025-11-21,3416.98
3104,725,2026-03-31,895.4
3105,143,2026-05-22,4830.23
3106,577,2024-09-29,8929.28
3107,836,2024-09-27,1673.29
3108,340,2025-09-16,4815.14
3109,250,2024-09-08,605.96
3110,709,2025-02-24,2711.19
3111,557,2024-06-02,1274.6
3112,845,2026-03-24,493.03
3113,558,2025-05-13,3002.55
3114,524,2025-12-29,8870.25
3115,426,2026-01-29,1461.26
3116,935,2024-11-21,2281.91
3117,233,2025-11-26,4300.0
3118,151,2025-07-30,3565.43
3119,294,2024-09-19,2297.55
3120,901,2025-05-13,6859.95
3121,704,2024-12-30,8848.03
3122,843,2026-04-25,9021.07
3123,504,2025-08-28,1737.11
3124,113,2024-11-02,2284.0
3125,980,2024-11-08,9560.7
3126,366,2025-01-21,809.08
3127,342,2025-09-03,1227.59
3128,946,2024-11-16,9250.79
3129,87,2026-01-05,8961.09
3130,620,2026-05-22,1553.47
3131,439,2025-05-05,5328.28
3132,615,2025-08-04,1854.59
3133,436,2026-03-22,1544.69
3134,684,2025-12-05,6887.25
3135,640,2025-06-23,8184.75
3136,357,2026-01-22,8760.25
3137,278,2025-06-30,9166.53
3138,678,2026-04-06,3722.67
3139,272,2025-04-29,8116.66
3140,729,2025-02-02,7996.9
3141,808,2025-06-25,71.68
3142,956,2026-02-05,9781.59
3143,797,2026-04-22,6575.75
3144,328,2024-09-12,1520.41
3145,458,2025-09-05,7227.37
3146,805,2025-05-03,9764.58
3147,835,2025-12-05,719.77
3148,592,2026-03-10,4303.16
3149,745,2024-06-02,2820.84
3150,93,2024-10-01,3264.38
3151,131,2024-12-05,1859.63
3152,395,2025-05-02,3558.46
3153,507,2025-06-14,4267.13
3154,711,2025-04-23,9729.85
3155,617,2025-12-08,7945.34
3156,342,2025-09-15,1425.3
3157,967,2024-10-25,6556.84
3158,252,2026-04-13,3862.69
3159,563,2025-05-09,4996.17
3160,547,2026-03-09,4951.38
3161,550,2025-12-12,8222.97
3162,394,2025-06-05,882.0
3163,733,2025-08-09,4247.32
3164,592,2025-11-12,7777.1
3165,831,2025-05-12,7495.42
3166,720,2025-01-25,918.14
3167,371,2026-04-24,78.52
3168,872,2025-08-21,220.69
3169,572,2025-04-07,4765.57
3170,137,2026-04-15,9213.0
3171,62,2026-01-14,9118.05
3172,370,2026-04-30,8495.08
3173,888,2025-08-24,7797.54
3174,143,2025-07-14,2982.24
3175,148,2025-10-10,8360.76
3176,565,2025-01-18,9719.61
3177,935,2025-09-12,4239.72
3178,216,2024-05-25,8286.83
3179,58,2024-11-29,7482.6
3180,121,2026-04-06,9622.42
3181,721,2024-07-18,1473.61
3182,751,2025-04-20,312.15
3183,989,2024-10-27,4275.85
3184,56,2026-02-22,7028.95
3185,679,2024-12-08,5836.99
3186,489,2025-07-22,8382.5
3187,892,2025-10-12,1623.82
3188,151,2025-04-06,3684.18
3189,81,2024-10-14,2488.21
3190,13,2026-01-01,5713.37
3191,834,2025-04-25,4194.12
3192,784,2025-05-16,1865.12
3193,762,2026-03-17,1444.12
3194,541,2025-04-01,7000.71
3195,307,2025-12-24,4728.34
3196,740,2025-08-07,3406.5
3197,801,2025-06-09,6466.23
3198,14,2025-09-14,2903.35
3199,160,2025-08-25,647.01
3200,658,2025-09-11,369.59
3201,770,2025-09-14,1777.12
3202,165,2025-02-21,158.13
3203,853,2024-07-23,4265.03
3204,971,2024-11-12,8765.97
3205,568,2026-04-09,7128.5
3206,265,2025-10-29,9195.54
3207,514,2024-06-20,3095.04
3208,233,2025-06-18,4265.52
3209,161,2025-01-05,2754.68
3210,95,2026-04-05,5238.94
3211,1002,2025-09-15,9513.18
3212,761,2025-07-13,2158.05
3213,634,2025-08-24,607.17
3214,402,2025-02-21,1877.75
3215,764,2024-09-05,9761.07
3216,620,2026-04-27,8425.04
3217,837,2024-10-17,6939.64
3218,489,2024-11-13,3166.24
3219,658,2025-10-09,4080.74
3220,390,2025-07-26,1690.0
3221,823,2024-06-08,3746.21
3222,435,2024-12-08,1987.57
3223,112,2025-11-04,1088.78
3224,372,2026-03-29,6051.74
3225,867,2025-06-13,3387.94
3226,246,2025-05-29,2857.96
3227,555,2025-11-29,1109.32
3228,217,2026-03-26,5991.25
3229,775,2026-05-21,9101.39
3230,193,2026-02-16,5539.33
3231,654,2026-04-01,9295.56
3232,247,2026-04-04,2728.22
3233,1001,2025-06-09,5722.72
3234,46,2026-04-21,5659.21
3235,810,2025-07-10,4863.88
3236,50,2025-05-25,3180.07
3237,967,2025-06-08,3120.62
3238,366,2025-05-09,7529.21
3239,982,2024-06-27,4011.46
3240,200,2025-12-13,3179.0
3241,401,2026-05-24,7270.6
3242,998,2025-05-08,1338.69
3243,691,2025-10-03,1018.93
3244,418,2026-02-03,8970.29
3245,516,2026-02-20,1054.98
3246,827,2024-08-31,7761.85
3247,25,2025-05-15,5892.4
3248,392,2024-06-27,4795.68
3249,890,2024-07-03,8527.67
3250,298,2025-11-09,1654.17
3251,699,2025-07-20,4657.91
3252,907,2025-04-03,6278.23
3253,976,2025-03-14,7198.7
3254,906,2024-11-28,2195.69
3255,698,2024-10-30,6559.49
3256,788,2025-10-09,7199.62
3257,987,2026-04-03,5041.12
3258,747,2025-11-24,6106.95
3259,536,2024-08-20,9305.76
3260,350,2026-02-25,4502.43
3261,135,2025-10-11,3423.26
3262,369,2025-10-20,6253.53
3263,963,2025-03-18,4337.47
3264,913,2026-04-02,7141.99
3265,700,2025-12-12,3906.96
3266,214,2024-07-02,9970.24
3267,622,2025-09-16,796.23
3268,157,2026-04-14,5690.66
3269,510,2024-08-07,1019.19
3270,16,2025-08-03,1469.09
3271,892,2025-08-13,3129.95
3272,889,2025-05-25,9691.02
3273,801,2026-01-27,8956.59
3274,511,2026-05-23,986.43
3275,322,2025-03-10,1738.69
3276,303,2026-04-25,1656.65
3277,287,2025-12-23,5786.29
3278,362,2024-08-15,937.83
3279,184,2025-10-25,7121.02
3280,472,2025-03-03,2616.54
3281,485,2026-04-08,9785.91
3282,782,2026-03-02,8772.75
3283,666,2025-07-12,9245.4
3284,963,2026-05-14,1283.46
3285,583,2026-05-20,4908.18
3286,373,2024-08-29,8597.08
3287,411,2025-08-26,4119.88
3288,635,2024-08-02,9175.54
3289,133,2025-03-31,4436.24
3290,525,2025-06-21,8456.11
3291,975,2024-08-06,3170.77
3292,86,2025-05-16,6837.9
3293,519,2025-06-20,4528.42
3294,899,2025-08-31,8761.59
3295,699,2024-07-27,474.62
3296,1001,2024-06-12,6456.47
3297,759,2025-07-26,7916.38
3298,717,2024-12-17,8221.29
3299,9,2024-11-03,1587.89
3300,108,2025-12-22,2942.07
3301,163,2024-05-31,5722.83
3302,875,2025-06-08,776.14
3303,398,2025-05-27,8747.88
3304,686,2024-11-12,980.36
3305,478,2025-10-05,4711.46
3306,548,2024-09-12,9006.26
3307,477,2024-06-15,1135.73
3308,185,2025-05-28,7331.19
3309,940,2024-12-08,9597.5
3310,407,2024-09-13,7693.76
3311,205,2025-01-12,4045.13
3312,67,2024-08-13,3206.98
3313,619,2025-11-08,4888.64
3314,720,2025-03-30,7425.78
3315,118,2025-10-12,2819.83
3316,40,2024-08-25,5473.56
3317,972,2025-12-02,4726.18
3318,656,2024-09-04,2174.03
3319,582,2025-11-06,361.67
3320,616,2024-10-25,7753.34
3321,64,2024-09-20,9367.77
3322,371,2024-09-23,7906.11
3323,1003,2025-06-27,4760.43
3324,56,2025-03-27,2154.35
3325,24,2025-05-22,9528.82
3326,701,2024-08-01,4258.06
3327,259,2026-04-01,6375.09
3328,86,2026-03-11,1460.29
3329,281,2026-01-15,4080.43
3330,306,2025-10-17,8744.07
3331,463,2026-05-21,8719.33
3332,538,2025-11-06,2180.34
3333,915,2025-05-31,2631.5
3334,851,2025-02-06,584.74
3335,917,2025-10-11,9021.34
3336,351,2025-10-14,9635.49
3337,305,2025-11-21,1687.11
3338,358,2024-08-26,9422.32
3339,494,2025-12-08,4781.22
3340,706,2025-09-30,7849.38
3341,989,2025-02-11,6982.07
3342,364,2024-12-20,9130.35
3343,585,2025-02-10,3921.92
3344,11,2025-01-22,5631.04
3345,916,2025-04-25,5991.43
3346,80,2025-04-30,7241.1
3347,593,2025-08-05,6184.3
3348,332,2024-10-30,6657.43
3349,844,2025-03-19,9392.74
3350,761,2024-09-28,8261.09
3351,751,2024-06-27,3199.33
3352,155,2025-12-27,8970.19
3353,957,2025-05-02,1517.49
3354,886,2024-10-16,3198.26
3355,812,2025-05-25,9701.26
3356,417,2025-08-14,2664.89
3357,740,2025-09-30,86.59
3358,462,2025-11-26,9436.07
3359,878,2025-02-01,1300.89
3360,461,2025-10-13,6407.22
3361,593,2025-11-07,1019.59
3362,224,2024-09-15,7469.79
3363,193,2025-08-08,4230.75
3364,560,2024-07-29,7755.12
3365,616,2024-09-19,3806.69
3366,357,2026-01-10,2137.14
3367,196,2025-01-17,9718.86
3368,591,2026-03-17,9553.29
3369,380,2024-11-14,8147.1
3370,17,2024-11-16,3054.35
3371,315,2025-10-05,5045.75
3372,889,2025-11-30,1291.22
3373,512,2024-06-01,6506.67
3374,467,2025-03-16,4169.83
3375,361,2024-12-22,3554.5
3376,556,2025-02-02,4287.2
3377,998,2026-05-19,7662.56
3378,117,2025-07-11,9267.17
3379,470,2026-04-09,4312.42
3380,182,2024-12-25,5549.9
3381,167,2025-09-14,5450.49
3382,391,2024-12-20,2886.03
3383,676,2025-04-08,6901.08
3384,448,2024-10-13,6359.37
3385,719,2024-08-16,6222.75
3386,948,2024-05-25,9063.53
3387,102,2025-09-28,9953.86
3388,826,2024-07-13,8380.48
3389,92,2025-02-18,6513.76
3390,632,2025-07-02,9328.34
3391,107,2026-01-05,4989.23
3392,770,2025-04-03,6257.07
3393,558,2025-09-12,1042.04
3394,455,2025-10-22,5058.45
3395,826,2026-03-26,374.72
3396,297,2024-07-23,8524.47
3397,217,2025-06-02,2267.65
3398,466,2026-05-19,5538.3
3399,118,2024-07-24,1995.82
3400,481,2024-12-19,9507.99
3401,360,2025-01-16,9677.78
3402,936,2025-01-17,4666.27
3403,930,2025-08-27,8213.16
3404,721,2025-07-23,7857.12
3405,406,2024-11-03,125.67
3406,384,2026-04-09,7832.85
3407,520,2025-02-18,2871.86
3408,901,2025-05-05,6603.88
3409,315,2024-07-14,8392.92
3410,815,2025-01-27,9097.91
3411,690,2024-09-15,2453.47
3412,922,2025-10-30,9095.14
3413,34,2025-06-28,204.52
3414,158,2025-05-04,7915.58
3415,861,2025-09-02,8176.23
3416,840,2025-01-30,7425.39
3417,326,2025-07-23,3384.14
3418,983,2025-09-09,5743.27
3419,441,2024-08-12,2456.22
3420,997,2025-03-28,3944.06
3421,632,2025-08-25,6462.12
3422,849,2025-05-27,563.23
3423,955,2025-06-16,5799.64
3424,132,2026-03-23,9396.95
3425,400,2024-11-16,9774.69
3426,178,2025-01-10,4061.03
3427,326,2025-11-24,5196.91
3428,448,2024-07-18,2348.15
3429,728,2025-04-05,8021.66
3430,517,2026-04-06,1227.81
3431,591,2026-02-09,7853.6
3432,864,2024-10-31,7633.61
3433,939,2025-12-13,2639.29
3434,567,2024-11-24,1632.58
3435,331,2025-04-23,2077.44
3436,96,2024-09-23,305.12
3437,12,2026-01-26,6307.5
3438,608,2025-09-06,1572.83
3439,633,2025-02-09,7090.38
3440,943,2025-03-03,9725.38
3441,586,2025-03-04,3854.93
3442,761,2025-06-28,7354.98
3443,465,2025-08-16,6362.91
3444,797,2024-11-18,3613.31
3445,246,2025-07-29,6542.6
3446,228,2024-10-04,3004.38
3447,549,2025-02-02,8412.55
3448,744,2026-01-11,7811.29
3449,805,2025-04-25,3812.16
3450,267,2024-12-03,6609.61
3451,282,2024-07-10,875.49
3452,148,2025-06-22,6293.01
3453,654,2026-03-19,9848.74
3454,888,2024-07-23,1079.02
3455,471,2026-03-01,9275.63
3456,126,2025-06-12,1115.41
3457,290,2026-03-26,2656.85
3458,185,2025-08-23,973.13
3459,507,2026-02-09,8454.0
3460,935,2025-03-03,8391.24
3461,401,2025-01-19,1051.68
3462,815,2024-07-29,268.47
3463,76,2025-01-26,4890.85
3464,641,2024-11-20,809.31
3465,704,2025-08-03,4228.08
3466,912,2024-10-30,3170.17
3467,931,2025-04-02,4536.24
3468,165,2025-05-23,1839.07
3469,11,2025-06-22,9041.2
3470,676,2025-10-06,5694.57
3471,622,2025-02-16,8555.35
3472,121,2024-11-29,9760.36
3473,356,2024-10-15,4864.91
3474,629,2024-11-13,6019.93
3475,6,2025-03-19,1625.96
3476,760,2025-01-17,2582.29
3477,125,2024-09-26,1968.81
3478,31,2025-03-02,5382.74
3479,531,2025-03-21,5141.86
3480,157,2024-11-24,2202.25
3481,374,2025-11-22,1192.15
3482,223,2026-01-16,343.5
3483,142,2025-08-05,2236.62
3484,746,2026-03-20,6931.44
3485,130,2025-02-02,2712.53
3486,494,2025-04-02,2032.41
3487,95,2025-01-14,3518.11
3488,565,2025-04-07,6536.65
3489,479,2025-11-12,7464.68
3490,508,2026-02-28,4388.82
3491,970,2024-09-30,4029.42
3492,198,2025-01-16,2538.43
3493,203,2025-06-04,6886.22
3494,909,2025-07-11,7188.09
3495,985,2025-06-25,3958.62
3496,598,2025-06-14,7941.87
3497,602,2025-02-09,3150.27
3498,814,2026-02-21,2098.03
3499,740,2025-01-18,4903.93
3500,905,2025-12-26,4489.27
3501,611,2025-09-14,7483.44
3502,836,2024-07-21,3221.55
3503,111,2024-08-10,6092.59
3504,440,2026-02-27,2037.22
3505,362,2024-06-30,3770.91
3506,648,2024-12-16,8202.45
3507,461,2024-12-30,1714.13
3508,35,2025-03-11,9583.07
3509,260,2024-11-18,5889.35
3510,301,2026-03-09,6058.63
3511,899,2024-11-06,6468.72
3512,989,2024-08-06,5328.46
3513,408,2025-06-18,347.9
3514,185,2024-09-22,8099.95
3515,440,2024-09-29,7919.42
3516,367,2025-06-23,2490.92
3517,221,2024-07-31,6586.7
3518,381,2025-02-03,1493.14
3519,322,2025-12-15,1266.92
3520,327,2024-09-09,6898.51
3521,735,2026-01-29,3322.25
3522,477,2025-01-17,5696.32
3523,330,2026-04-20,8992.5
3524,576,2025-07-24,709.04
3525,291,2025-11-17,6037.93
3526,540,2024-07-24,2213.76
3527,575,2025-05-08,2816.58
3528,623,2025-03-27,9465.4
3529,827,2025-10-13,8606.13
3530,77,2025-05-11,5760.79
3531,662,2025-02-23,4246.41
3532,775,2025-11-11,4380.3
3533,833,2025-11-19,3235.21
3534,202,2026-01-22,544.11
3535,506,2025-04-12,5011.58
3536,282,2024-12-09,4241.31
3537,128,2025-12-30,4555.21
3538,616,2024-11-26,3302.4
3539,393,2026-05-11,2402.4
3540,22,2025-07-29,2886.12
3541,660,2026-05-10,7843.89
3542,590,2026-04-22,9880.15
3543,934,2025-05-04,4644.63
3544,135,2025-08-02,8424.35
3545,413,2025-08-19,418.23
3546,547,2024-12-20,9184.44
3547,41,2025-07-24,3407.03
3548,17,2024-09-15,741.07
3549,98,2025-08-08,8307.01
3550,426,2025-10-09,7246.37
3551,282,2025-07-26,3206.04
3552,355,2024-11-10,4033.43
3553,570,2025-05-05,7757.4
3554,506,2024-09-17,6142.59
