policy_id,customer_id,policy_type,effective_date,expiration_date,premium
1,142,Workers Comp,2025-02-04,2026-02-09,24426.87
2,269,Workers Comp,2025-05-01,2027-04-11,7433.47
3,52,Property,2024-10-24,2025-02-27,7758.04
4,185,Property,2023-05-26,2024-12-20,7905.56
5,274,Property,2023-12-10,2026-10-05,7220.63
6,28,Workers Comp,2023-12-10,2026-03-31,
7,65,Liability,2024-02-13,2026-07-23,3013.4
8,7,Workers Comp,2023-08-19,2026-10-16,7466.31
9,246,Liability,2023-07-26,2027-01-27,8847.3
10,27,Marine,2024-09-03,2026-12-21,23556.06
11,245,Auto,2025-02-22,2026-08-21,20641.83
12,206,Liability,2024-05-20,2027-05-06,2315.01
13,323,Auto,2025-02-28,2026-07-19,4217.31
14,289,Marine,2024-03-17,2026-01-18,2586.93
15,128,Auto,2025-03-24,2025-08-16,14172.79
16,214,Workers Comp,2025-03-17,2025-11-30,15105.11
17,317,Property,2025-01-09,2026-06-16,19504.49
18,195,Liability,2024-03-01,2026-10-12,22758.36
19,153,Workers Comp,2024-02-01,2026-03-27,24755.77
20,157,Workers Comp,2023-07-20,2025-02-28,15715.17
21,313,Auto,2023-12-06,2023-11-06,23715.96
22,107,Property,2024-02-15,2025-06-21,6983.83
23,42,Property,2024-09-16,2026-12-24,6376.7
24,283,Auto,2024-02-05,2025-07-22,4335.05
25,210,Liability,2024-03-24,2024-05-27,17389.59
26,241,Marine,2024-10-05,2025-11-01,1299.68
27,148,Marine,2024-09-10,2026-11-07,17723.2
28,233,Auto,2024-06-05,2026-06-22,17340.93
29,136,Workers Comp,2024-01-03,2024-10-17,16698.98
30,102,Liability,2023-08-05,2025-01-18,3312.02
31,116,Property,2024-11-03,2026-06-22,22756.08
32,73,Auto,2023-10-21,2027-04-17,1961.13
33,158,Workers Comp,2023-12-04,2027-02-13,18849.46
34,292,Marine,2024-02-19,2027-03-09,11259.26
35,240,Marine,2023-08-20,2024-12-14,17643.48
36,140,Workers Comp,2023-12-25,2025-07-16,13729.55
37,225,Auto,2023-12-18,2026-03-10,15151.9
38,222,Marine,2025-02-08,2025-02-23,15290.98
39,14,Auto,2023-10-13,2026-04-23,6108.65
40,346,Workers Comp,2024-06-16,2025-01-27,14884.51
41,11,Marine,2024-12-25,2027-01-11,14618.05
42,90,Liability,2025-04-14,2027-01-08,13214.61
43,227,Marine,2023-10-01,2025-08-07,4946.48
44,300,Liability,2025-03-31,2025-05-21,16052.23
45,252,Auto,2024-09-10,2024-12-06,12015.25
46,210,Marine,2025-03-04,2025-11-05,8365.93
47,54,Property,2024-10-03,2025-07-06,8580.19
48,254,Marine,2023-08-18,2024-09-23,16733.3
49,206,Workers Comp,2023-07-25,2025-12-20,1399.08
50,46,Marine,2024-11-21,2025-09-06,6683.77
51,60,Liability,2023-10-11,2024-10-20,21690.31
52,1,Workers Comp,2025-04-13,2025-05-29,11818.42
53,28,Property,2025-02-24,2025-06-25,13201.77
54,319,Liability,2025-02-07,2027-03-03,15822.51
55,27,Property,2024-01-10,2025-01-07,7042.88
56,68,Marine,2024-04-11,2025-10-20,11233.84
57,249,Auto,2023-12-26,2025-10-28,1207.3
58,323,Workers Comp,2023-07-05,2027-03-01,20083.19
59,82,Marine,2023-09-06,2024-07-15,13995.56
60,283,Liability,2023-11-12,2025-02-07,2783.63
61,59,Liability,2024-06-19,2026-11-06,23702.99
62,332,Property,2023-06-06,2025-09-24,12710.2
63,150,Workers Comp,2025-03-07,2027-04-24,17782.58
64,213,Liability,2023-08-22,2025-10-25,24515.99
65,125,Liability,2024-09-25,2026-10-10,14005.99
66,197,Property,2025-04-12,2025-06-30,23085.77
67,261,Property,2023-09-01,2025-02-04,21668.66
68,142,Liability,2024-06-01,2026-04-27,8826.94
69,260,Marine,2024-01-03,2025-07-01,20603.46
70,145,Marine,2023-07-12,2024-05-28,21018.16
71,297,Liability,2025-03-25,2025-05-20,21698.88
72,229,Workers Comp,2024-03-25,2024-04-08,12366.36
73,171,Workers Comp,2024-04-17,2026-07-02,19190.38
74,194,Liability,2025-04-05,2026-02-21,23354.88
75,97,Property,2024-04-13,2025-09-29,14509.04
76,120,Liability,2025-04-22,2025-07-17,1569.36
77,243,Liability,2024-09-09,2025-08-25,9958.93
78,340,Property,2024-12-21,2026-03-02,12635.55
79,19,Property,2025-02-08,2026-01-20,12806.13
80,303,Marine,2025-02-11,2026-09-21,21807.66
81,226,Auto,2024-09-11,2026-10-31,13385.8
82,234,Auto,2023-08-31,2025-08-23,18199.87
83,210,Property,2024-09-08,2026-12-13,2333.29
84,136,Marine,2024-11-24,2025-04-27,15769.86
85,204,Auto,2024-09-17,2025-08-01,21368.25
86,346,Workers Comp,2024-10-04,2026-03-16,9810.23
87,163,Liability,2024-09-26,2025-01-04,21873.38
88,19,Workers Comp,2024-01-06,2026-05-04,2176.31
89,324,Marine,2025-01-05,2026-10-20,24936.94
90,47,Liability,2024-08-10,2025-06-18,24469.27
91,325,Auto,2025-01-06,2025-08-27,11370.12
92,154,Auto,2024-04-08,2026-11-12,1626.78
93,29,Marine,2025-01-31,2026-05-08,9282.35
94,221,Property,2023-09-03,2025-09-03,6482.84
95,211,Workers Comp,2024-07-28,2026-09-05,17204.11
96,93,Property,2025-01-05,2025-06-10,4789.2
97,313,Liability,2025-02-01,2027-05-09,15682.9
98,124,Liability,2025-04-25,2026-04-14,22864.31
99,74,Property,2024-06-10,2026-03-18,11798.17
100,131,Liability,2025-03-07,2025-10-27,6755.5
101,5,Liability,2025-02-22,2025-04-12,22579.63
102,347,Workers Comp,2025-01-19,2026-07-14,4370.4
103,227,Marine,2025-05-09,2025-07-29,24697.47
104,154,Liability,2024-09-29,2025-05-15,17412.68
105,234,Marine,2025-01-22,2025-12-16,5380.82
106,197,Liability,2025-03-25,2025-09-30,3113.01
107,196,Workers Comp,2023-09-30,2025-02-20,9294.5
108,152,Marine,2023-07-31,2025-09-27,1037.52
109,338,Liability,2023-11-17,2026-04-28,7224.77
110,290,Auto,2024-02-16,2024-06-26,22810.12
111,255,Marine,2023-12-07,2024-02-13,19505.65
112,118,Workers Comp,2024-06-05,2024-10-04,20147.33
113,113,Property,2025-04-17,2027-04-10,15711.83
114,348,Property,2023-12-19,2025-12-18,15892.08
115,322,Auto,2025-03-19,2027-01-03,8068.86
116,226,Auto,2024-11-29,2026-11-11,14699.56
117,68,Auto,2024-07-02,2026-06-02,22785.88
118,168,Liability,2024-11-25,2027-04-02,4803.18
119,68,Workers Comp,2024-06-29,2025-11-10,21973.28
120,188,Workers Comp,2024-09-12,2027-03-01,12793.97
121,140,Property,2023-06-29,2025-07-18,6795.77
122,247,Marine,2024-03-17,2024-12-17,18790.7
123,174,Auto,2025-05-22,2026-07-06,11974.12
124,39,Property,2024-12-29,2027-01-08,18976.71
125,116,Liability,2024-04-09,2025-06-20,24198.11
126,286,Marine,2025-05-01,2027-02-14,2712.42
127,203,Auto,2023-07-06,2026-10-27,6979.24
128,64,Liability,2023-08-01,2025-10-30,9530.35
129,345,Marine,2023-10-05,2026-10-03,14821.72
130,327,Marine,2023-09-29,2025-05-17,3154.48
131,120,Liability,2023-11-17,2024-10-24,1113.1
132,288,Marine,2024-09-13,2027-04-03,22923.77
133,114,Auto,2023-10-02,2026-02-08,16067.4
134,238,Marine,2023-11-12,2024-10-19,16406.37
135,60,Property,2024-10-03,2026-01-16,1611.0
136,20,Marine,2023-08-13,2027-04-07,24900.22
137,60,Auto,2024-05-30,2024-09-27,6252.6
138,276,Property,2024-12-10,2026-09-01,10021.82
139,190,Workers Comp,2024-02-18,2024-08-23,10768.61
140,80,Liability,2023-06-01,2027-02-09,16545.59
141,251,Workers Comp,2024-11-28,2026-09-13,10498.84
142,144,Auto,2024-05-01,2025-01-12,17411.88
143,112,Liability,2024-07-16,2025-07-20,11395.05
144,121,Marine,2024-12-08,2026-02-19,2934.19
145,352,Marine,2024-04-17,2026-03-17,13839.41
146,331,Marine,2024-04-23,2027-05-20,1983.48
147,142,Property,2024-10-16,2026-01-14,24221.07
148,233,Auto,2025-03-28,2026-07-31,16737.83
149,329,Workers Comp,2023-09-14,2023-10-11,24291.79
150,26,Marine,2023-06-30,2025-03-13,6467.44
151,65,Workers Comp,2025-01-10,2026-12-22,5527.54
152,284,Property,2024-01-13,2024-05-11,14866.39
153,120,Marine,2024-06-24,2024-12-19,19472.03
154,306,Auto,2025-02-25,2026-08-06,7293.23
155,75,Property,2024-06-10,2027-05-07,13735.28
156,90,Auto,2025-01-23,2025-08-17,16695.91
157,14,Property,2023-07-26,2025-10-29,864.08
158,122,Workers Comp,2024-04-15,2026-07-08,8432.4
159,90,Marine,2023-08-12,2024-11-25,1783.78
160,216,Workers Comp,2024-02-27,2025-06-01,3284.41
161,33,Liability,2024-07-18,2026-10-11,11482.74
162,186,Workers Comp,2024-12-02,2025-04-11,15044.82
163,232,Workers Comp,2024-10-24,2026-09-10,5927.97
164,315,Auto,2024-03-17,2024-10-13,18317.45
165,338,Workers Comp,2023-07-31,2024-12-13,7889.94
166,330,Auto,2024-09-22,2025-11-28,1990.22
167,246,Liability,2024-10-18,2026-02-02,10943.7
168,56,Liability,2023-08-19,2026-03-08,17953.83
169,228,Auto,2023-12-16,2024-06-26,22532.04
170,165,Workers Comp,2024-01-07,2024-01-25,4134.18
171,65,Marine,2023-09-13,2027-01-24,15795.78
172,300,Workers Comp,2024-07-30,2025-01-15,17947.74
173,196,Workers Comp,2024-11-17,2026-05-31,13498.64
174,233,Workers Comp,2025-04-28,2027-04-02,15332.96
175,51,Auto,2024-08-07,2026-10-18,21393.42
176,334,Workers Comp,2023-10-12,2024-06-19,18160.58
177,111,Liability,2024-05-10,2027-01-03,11563.1
178,117,Liability,2024-03-30,2024-04-05,8803.82
179,233,Liability,2024-07-30,2026-02-14,10691.75
180,49,Marine,2023-07-03,2026-09-20,10955.72
181,341,Marine,2023-11-08,2025-05-28,9670.38
182,79,Liability,2024-04-29,2026-02-27,2144.77
183,44,Auto,2023-10-15,2025-11-13,11080.97
184,191,Property,2024-07-03,2027-04-16,14131.08
185,301,Workers Comp,2025-03-06,2025-05-14,14261.24
186,344,Auto,2024-03-02,2026-03-04,10564.81
187,341,Liability,2024-02-27,2024-09-08,21768.26
188,27,Marine,2024-10-03,2027-03-24,15210.05
189,181,Auto,2024-02-26,2024-10-04,14659.0
190,109,Property,2024-08-19,2025-01-16,16590.04
191,115,Auto,2023-11-22,2025-01-13,9077.79
192,285,Marine,2024-10-14,2025-02-23,3314.69
193,143,Workers Comp,2024-08-29,2024-10-10,6040.9
194,220,Workers Comp,2023-11-24,2024-10-08,24376.39
195,319,Workers Comp,2025-04-29,2027-04-14,17036.93
196,286,Auto,2025-02-09,2026-12-09,15420.38
197,337,Marine,2024-08-06,2025-10-23,1209.35
198,140,Marine,2024-12-11,2027-04-19,23077.67
199,180,Auto,2023-11-29,2025-02-06,4944.44
200,74,Workers Comp,2025-02-20,2027-02-01,16604.94
201,36,Property,2024-03-14,2026-03-29,18653.74
202,16,Auto,2023-09-13,2026-05-19,18779.74
203,111,Liability,2024-04-14,2026-01-05,10785.9
204,175,Property,2023-06-26,2024-10-13,9566.3
205,167,Workers Comp,2024-03-30,2026-10-27,15107.48
206,27,Property,2024-12-17,2025-01-04,4356.54
207,317,Auto,2025-01-06,2026-11-19,17012.23
208,140,Liability,2024-08-28,2025-03-20,16717.5
209,249,Workers Comp,2025-04-15,2025-11-24,11330.08
210,140,Property,2024-02-22,2024-11-26,18996.11
211,59,Marine,2024-05-16,2027-05-23,11032.88
212,146,Workers Comp,2023-09-25,2026-06-20,12422.5
213,342,Marine,2023-12-07,2026-03-06,1612.73
214,203,Workers Comp,2024-06-26,2027-05-20,1842.16
215,105,Marine,2024-04-26,2024-08-08,23660.44
216,71,Marine,2025-01-18,2026-02-03,7591.45
217,62,Auto,2025-02-18,2025-04-29,12685.94
218,221,Property,2023-07-06,2025-02-08,3665.05
219,273,Property,2024-04-06,2024-12-12,12756.43
220,343,Marine,2024-05-11,2027-03-04,2265.85
221,22,Liability,2024-03-02,2024-03-21,959.17
222,40,Marine,2025-05-12,2027-01-09,14606.1
223,294,Liability,2024-11-04,2025-01-18,17882.72
224,214,Marine,2024-02-07,2026-09-15,3321.75
225,11,Marine,2023-05-27,2026-09-23,4710.89
226,317,Liability,2024-07-12,2025-11-05,20884.63
227,186,Auto,2024-08-31,2026-08-20,11199.44
228,55,Property,2024-06-23,2025-12-23,11174.07
229,206,Workers Comp,2023-09-15,2025-06-19,2426.85
230,159,Marine,2024-06-07,2026-01-10,5928.52
231,87,Auto,2025-04-01,2026-10-12,13006.84
232,59,Workers Comp,2024-04-03,2027-05-21,12993.83
233,179,Marine,2024-10-03,2025-01-16,18320.79
234,331,Property,2024-06-16,2026-04-23,6288.59
235,75,Marine,2024-08-16,2024-10-29,5333.16
236,309,Property,2023-07-04,2024-01-06,19125.27
237,336,Auto,2023-08-04,2024-05-12,4840.08
238,322,Liability,2024-07-02,2026-10-26,11866.85
239,289,Workers Comp,2025-02-13,2026-11-26,11498.18
240,290,Workers Comp,2025-03-09,2025-10-31,8418.6
241,322,Marine,2023-10-30,2023-11-02,4198.46
242,35,Liability,2024-02-01,2026-09-04,11334.1
243,156,Marine,2024-05-11,2026-01-17,14989.78
244,181,Workers Comp,2023-08-28,2026-03-26,2317.67
245,237,Liability,2023-09-08,2026-05-08,1421.38
246,189,Marine,2024-08-02,2024-09-14,2379.91
247,47,Workers Comp,2024-10-03,2025-04-04,15054.96
248,197,Liability,2024-09-15,2026-10-25,14718.07
249,22,Liability,2024-08-31,2025-05-06,22771.72
250,293,Property,2023-09-11,2026-02-14,8377.41
251,244,Workers Comp,2024-05-24,2025-03-08,4196.1
252,32,Liability,2024-04-02,2025-07-28,3035.8
253,176,Auto,2024-03-29,2025-04-07,12861.45
254,89,Auto,2025-01-23,2027-03-25,6569.72
255,225,Liability,2024-10-09,2027-02-07,13339.68
256,313,Property,2024-09-15,2026-02-02,9415.5
257,145,Liability,2023-11-13,2026-12-17,10514.85
258,174,Workers Comp,2024-12-12,2025-06-26,1782.96
259,324,Marine,2024-11-22,2026-10-08,2114.84
260,49,Workers Comp,2025-05-08,2026-06-10,17120.29
261,146,Marine,2025-02-18,2025-07-20,18231.47
262,337,Workers Comp,2024-08-08,2025-07-05,21895.35
263,171,Auto,2024-10-19,2025-04-13,14777.12
264,73,Marine,2025-03-16,2026-04-07,8100.68
265,336,Liability,2024-07-07,2024-10-02,3659.32
266,44,Marine,2023-11-21,2025-03-31,14193.59
267,330,Marine,2023-10-15,2025-08-22,20423.03
268,344,Workers Comp,2024-06-12,2027-02-17,2789.6
269,344,Liability,2024-02-21,2025-09-23,12957.97
270,10,Marine,2025-03-10,2025-07-13,8067.22
271,110,Marine,2024-10-30,2026-01-24,23717.87
272,249,Property,2025-01-22,2025-03-24,6050.3
273,71,Property,2023-08-08,2026-11-28,2390.54
274,52,Workers Comp,2025-04-03,2027-03-30,19386.43
275,270,Auto,2023-08-13,2025-07-02,16717.27
276,317,Property,2023-07-12,2026-06-25,15132.54
277,79,Property,2023-11-05,2027-01-20,4930.73
278,320,Property,2024-07-22,2025-05-01,18168.98
279,23,Liability,2024-11-08,2025-12-30,9425.34
280,122,Liability,2025-04-16,2025-04-26,15459.59
281,230,Property,2025-03-11,2026-10-03,13583.27
282,159,Liability,2023-09-23,2026-10-31,22647.37
283,100,Marine,2024-07-17,2026-08-25,17118.52
284,293,Liability,2023-11-01,2027-05-07,11811.16
285,145,Liability,2024-04-18,2026-10-30,12821.21
286,215,Property,2025-05-24,2026-12-27,20513.84
287,310,Property,2024-09-11,2025-10-16,21888.55
288,27,Liability,2024-01-10,2025-10-31,21915.87
289,284,Auto,2024-06-05,2026-12-27,17929.32
290,265,Auto,2024-12-30,2027-03-21,7484.04
291,83,Marine,2024-07-10,2026-01-18,11508.32
292,263,Property,2025-02-03,2027-03-03,20860.64
293,47,Property,2023-12-23,2026-06-21,20509.23
294,179,Auto,2024-10-14,2026-06-17,10664.97
295,203,Workers Comp,2025-01-11,2025-12-05,9662.06
296,198,Auto,2024-02-27,2025-05-07,9685.36
297,15,Marine,2025-02-28,2027-04-13,23305.23
298,333,Marine,2025-05-08,2026-01-09,19888.83
299,71,Auto,2023-12-25,2024-11-13,7528.55
300,242,Property,2024-01-01,2025-10-20,19091.61
301,241,Liability,2023-10-17,2026-11-09,15576.03
302,41,Auto,2024-06-26,2027-05-15,6770.14
303,77,Workers Comp,2025-01-03,2027-05-19,23535.54
304,312,Workers Comp,2024-07-13,2025-12-18,10869.74
305,148,Property,2025-02-28,2025-12-09,7878.2
306,25,Property,2024-09-28,2025-07-17,10785.73
307,319,Liability,2024-08-03,2025-07-19,2038.78
308,256,Workers Comp,2025-04-27,2025-05-25,13633.32
309,324,Workers Comp,2024-04-09,2025-12-14,14588.66
310,74,Marine,2024-08-08,2026-03-29,11016.35
311,315,Marine,2024-01-24,2024-11-20,6393.82
312,214,Property,2025-03-01,2026-07-15,16777.1
313,44,Workers Comp,2025-03-09,2027-03-21,24379.04
314,35,Workers Comp,2024-03-14,2025-11-28,13830.01
315,260,Workers Comp,2025-05-11,2025-12-15,998.19
316,241,Auto,2025-05-14,2026-01-08,16073.93
317,192,Marine,2024-05-01,2026-12-22,18809.26
318,183,Auto,2023-07-14,2026-03-30,8947.66
319,337,Auto,2023-10-24,2025-06-17,19401.78
320,171,Property,2024-09-16,2026-12-30,1586.22
321,280,Marine,2024-08-07,2025-02-21,20430.97
322,90,Liability,2023-06-29,2023-10-03,24530.07
323,246,Property,2023-08-13,2023-08-27,20381.69
324,33,Liability,2024-05-18,2026-07-21,1406.1
325,104,Auto,2024-06-17,2025-12-21,19882.18
326,22,Marine,2024-04-15,2024-05-09,23367.59
327,264,Liability,2025-04-11,2027-03-06,24733.51
328,279,Liability,2023-09-08,2025-10-22,6706.19
329,332,Property,2025-04-12,2025-09-09,7509.72
330,25,Marine,2023-08-11,2023-11-26,7193.81
331,189,Liability,2025-01-01,2026-06-25,22292.42
332,226,Liability,2023-06-27,2024-12-23,8806.4
333,96,Liability,2024-12-22,2026-05-08,17455.68
334,189,Workers Comp,2025-01-10,2026-07-03,7034.66
335,43,Liability,2023-10-01,2026-08-23,2433.71
336,309,Property,2024-10-08,2025-10-17,13864.12
337,165,Auto,2024-07-23,2026-01-14,2461.69
338,339,Marine,2024-09-21,2025-04-12,8009.15
339,309,Liability,2025-05-10,2025-05-24,4582.8
340,228,Marine,2024-01-28,2025-09-29,11454.68
341,181,Workers Comp,2023-07-11,2026-09-12,24954.69
342,141,Auto,2024-06-16,2026-12-11,2338.51
343,327,Liability,2024-10-04,2025-11-11,9401.12
344,348,Property,2024-02-06,2024-04-15,23843.34
345,74,Workers Comp,2024-02-04,2027-05-02,17113.18
346,225,Auto,2025-01-09,2026-09-13,3592.64
347,121,Marine,2024-11-10,2027-02-03,9372.69
348,291,Auto,2024-06-23,2027-05-21,15324.82
349,348,Liability,2025-05-10,2025-05-30,23746.18
350,191,Liability,2024-04-11,2025-03-23,19195.57
351,294,Property,2024-05-28,2026-07-05,13471.77
352,204,Marine,2024-09-23,2025-09-19,16414.24
353,128,Auto,2024-04-16,2025-09-23,1134.88
354,96,Liability,2024-07-09,2026-10-11,13184.76
355,288,Auto,2023-12-23,2024-03-20,6913.53
356,134,Liability,2023-05-26,2025-04-12,5756.98
357,314,Marine,2024-11-12,2026-03-05,17502.53
358,252,Property,2025-03-06,2025-09-22,3504.62
359,38,Liability,2023-11-27,2025-10-31,4730.08
360,228,Auto,2025-01-27,2027-04-04,20357.57
361,164,Marine,2025-03-19,2025-08-08,17883.74
362,282,Workers Comp,2024-11-11,2027-03-02,7613.88
363,154,Property,2023-10-24,2025-09-27,17939.32
364,327,Property,2024-12-01,2024-12-12,19945.56
365,261,Property,2023-12-22,2027-01-01,3473.38
366,103,Property,2024-05-25,2025-08-14,6300.04
367,253,Auto,2023-08-30,2026-10-25,9341.96
368,294,Marine,2024-09-05,2025-01-10,11951.44
369,283,Property,2024-11-19,2026-11-18,15492.73
370,45,Auto,2023-10-10,2024-04-25,8077.62
371,246,Workers Comp,2024-05-06,2025-06-10,10564.48
372,210,Workers Comp,2023-08-22,2027-01-17,2306.89
373,163,Auto,2025-04-05,2025-05-04,11524.38
374,349,Workers Comp,2024-09-08,2025-12-10,8940.61
375,283,Workers Comp,2025-04-21,2027-03-12,4958.1
376,67,Liability,2024-07-18,2026-04-01,12820.16
377,29,Auto,2023-11-03,2026-10-25,13193.5
378,156,Property,2024-03-31,2025-04-20,4468.19
379,116,Marine,2025-02-15,2025-10-04,23713.34
380,266,Marine,2024-07-01,2024-12-02,21225.38
381,129,Property,2024-04-11,2025-12-05,16058.9
382,283,Marine,2024-04-09,2025-01-20,3566.67
383,156,Workers Comp,2025-01-29,2026-07-21,13570.21
384,258,Property,2025-05-18,2027-04-14,14999.31
385,298,Property,2023-08-18,2026-12-10,4694.42
386,320,Workers Comp,2025-03-10,2026-07-26,8771.68
387,289,Auto,2023-11-15,2024-04-13,20718.29
388,15,Auto,2025-02-10,2025-09-09,1613.81
389,329,Workers Comp,2024-04-14,2026-09-21,6984.07
390,108,Workers Comp,2023-07-20,2024-02-03,10706.38
391,328,Auto,2025-03-11,2026-11-09,12701.93
392,322,Workers Comp,2025-05-13,2026-05-18,7596.96
393,155,Liability,2024-02-24,2027-02-09,6499.51
394,351,Liability,2023-08-11,2025-07-27,7787.13
395,38,Auto,2024-11-17,2027-05-14,4372.97
396,213,Liability,2024-06-30,2025-06-20,11878.83
397,175,Workers Comp,2024-11-06,2024-12-18,4019.88
398,164,Marine,2024-12-22,2027-05-02,24396.67
399,67,Marine,2024-02-07,2027-03-09,13117.01
400,55,Marine,2023-12-23,2024-08-18,6422.58
401,63,Marine,2024-03-26,2026-11-06,11515.1
402,73,Auto,2024-07-28,2025-02-02,1739.83
403,197,Workers Comp,2025-04-26,2025-08-06,10744.3
404,82,Marine,2024-10-17,2027-03-25,23376.91
405,161,Property,2023-08-11,2025-08-25,19196.47
406,256,Workers Comp,2024-02-29,2026-02-12,11936.97
407,158,Liability,2024-12-04,2027-02-01,1067.82
408,202,Workers Comp,2024-01-06,2024-10-12,11702.15
409,124,Property,2023-12-01,2027-03-05,14791.93
410,25,Auto,2024-08-10,2027-02-16,7393.23
411,306,Liability,2024-08-13,2027-02-13,7500.84
412,5,Auto,2024-12-11,2026-08-17,11057.73
413,136,Marine,2023-10-11,2023-12-28,19214.49
414,188,Auto,2023-08-04,2026-09-09,10314.25
415,292,Workers Comp,2023-11-28,2025-10-22,5269.05
416,284,Marine,2023-09-11,2026-01-20,2301.53
417,259,Liability,2024-10-26,2026-04-02,19227.9
418,144,Workers Comp,2024-05-11,2026-02-08,17169.77
419,61,Property,2024-04-04,2024-10-16,24389.53
420,202,Marine,2024-01-08,2024-08-31,19974.98
421,174,Workers Comp,2024-11-12,2026-05-04,23504.24
422,74,Property,2025-05-12,2027-02-12,15260.34
423,206,Workers Comp,2023-06-23,2024-08-20,1486.25
424,20,Property,2025-03-26,2027-04-08,17983.0
425,243,Workers Comp,2025-03-17,2026-11-17,11696.22
426,311,Workers Comp,2024-12-03,2025-08-11,3924.63
427,314,Marine,2024-09-04,2026-08-23,4481.3
428,316,Marine,2023-12-29,2024-12-04,15046.25
429,260,Workers Comp,2024-03-08,2024-09-20,13542.33
430,289,Marine,2023-09-21,2024-04-10,12134.87
431,9,Marine,2023-10-08,2026-11-28,8615.37
432,57,Liability,2023-11-27,2025-01-30,14800.7
433,323,Auto,2023-06-26,2023-12-05,15124.29
434,136,Workers Comp,2023-05-30,2027-02-16,14652.04
435,27,Workers Comp,2024-08-15,2024-08-25,12271.0
436,269,Workers Comp,2023-07-24,2026-01-03,19477.85
437,195,Property,2023-12-26,2025-05-22,20630.7
438,125,Auto,2024-04-05,2025-07-14,14527.97
439,57,Property,2025-04-17,2026-10-04,963.97
440,161,Liability,2023-06-19,2024-07-07,4210.07
441,105,Liability,2023-07-27,2024-12-28,12794.58
442,314,Liability,2023-10-08,2024-03-26,21884.03
443,32,Property,2024-10-19,2026-08-19,13207.74
444,288,Marine,2024-05-24,2026-08-12,24954.01
445,245,Workers Comp,2023-10-26,2024-07-21,9732.21
446,89,Liability,2024-04-15,2024-04-19,22847.04
447,176,Workers Comp,2023-11-25,2026-07-05,9180.03
448,349,Marine,2024-07-09,2026-05-10,15446.88
449,99,Property,2024-05-01,2024-10-30,7335.66
450,153,Property,2024-12-31,2027-05-08,23566.4
451,153,Marine,2023-06-26,2025-04-07,17770.07
452,251,Marine,2024-03-17,2027-03-13,12255.18
453,287,Marine,2023-05-31,2027-02-13,7550.84
454,294,Workers Comp,2025-02-23,2025-05-23,9802.51
455,203,Marine,2024-03-24,2024-09-18,23887.92
456,75,Marine,2024-10-02,2027-01-26,1530.63
457,41,Marine,2024-07-03,2026-05-24,23138.24
458,336,Marine,2023-06-17,2026-02-14,18809.79
459,110,Property,2024-07-01,2026-09-18,20784.82
460,139,Workers Comp,2023-06-23,2023-07-30,17556.2
461,71,Auto,2025-02-14,2025-05-06,15584.09
462,301,Property,2025-03-19,2027-03-11,6440.22
463,343,Workers Comp,2024-07-28,2026-09-21,6028.96
464,120,Auto,2023-09-07,2025-07-07,2954.85
465,170,Liability,2024-08-19,2026-03-17,2963.35
466,71,Auto,2024-04-13,2026-11-30,24130.71
467,81,Liability,2024-02-22,2025-01-18,16495.87
468,244,Liability,2025-02-19,2027-03-01,16438.2
469,148,Marine,2023-07-15,2023-09-07,7492.68
470,31,Auto,2023-05-29,2025-12-08,16481.32
471,119,Workers Comp,2024-12-13,2025-08-31,18597.82
472,20,Property,2023-07-05,2025-06-17,10738.18
473,91,Auto,2023-08-09,2026-10-26,24930.71
474,204,Liability,2024-07-22,2026-04-07,5064.63
475,149,Auto,2024-06-28,2026-08-25,727.05
476,291,Workers Comp,2025-01-28,2027-04-03,3128.87
477,172,Marine,2025-05-23,2025-09-17,11631.55
478,329,Workers Comp,2024-02-14,2026-10-26,13345.8
479,69,Workers Comp,2024-12-26,2027-01-16,11966.51
480,99,Auto,2024-08-20,2024-10-20,8601.76
481,235,Marine,2023-08-02,2027-04-19,18105.66
482,8,Marine,2025-03-11,2026-10-23,19873.81
483,291,Property,2024-04-21,2026-12-28,4799.63
484,328,Liability,2024-10-21,2025-07-22,20761.25
485,264,Marine,2023-07-15,2024-10-02,2625.08
486,343,Auto,2024-07-31,2027-03-23,5027.14
487,72,Liability,2023-12-22,2025-09-03,8428.24
488,128,Auto,2025-05-04,2025-07-05,6889.24
489,121,Liability,2024-12-10,2026-12-21,18967.04
490,169,Marine,2023-11-23,2026-07-09,14770.29
491,294,Auto,2023-09-27,2025-03-22,6908.05
492,185,Property,2024-08-06,2025-10-13,2022.05
493,61,Liability,2024-03-09,2024-09-06,8016.76
494,208,Workers Comp,2025-03-26,2025-04-30,23116.1
495,160,Auto,2023-09-24,2024-05-03,16148.43
496,152,Marine,2024-12-11,2026-10-16,15558.32
497,113,Property,2024-09-30,2024-10-19,12215.46
498,233,Workers Comp,2024-06-23,2024-12-19,9653.81
499,282,Liability,2024-05-24,2027-02-17,19055.09
500,341,Property,2025-01-06,2026-04-21,19165.56
501,349,Workers Comp,2024-01-30,2026-05-29,21891.81
502,42,Workers Comp,2024-03-30,2025-06-12,11445.33
503,186,Auto,2024-07-12,2024-08-19,22972.5
504,58,Auto,2024-07-15,2024-08-20,20804.96
505,259,Property,2024-04-21,2025-11-30,14531.19
506,77,Property,2025-01-21,2026-12-26,8538.88
507,267,Liability,2024-03-29,2026-11-20,3347.88
508,106,Workers Comp,2024-08-20,2025-11-08,12476.29
509,262,Liability,2023-09-29,2026-11-05,20312.96
510,233,Property,2024-07-19,2026-10-09,13074.57
511,234,Workers Comp,2023-10-15,2024-11-16,1914.55
512,237,Marine,2024-02-07,2025-03-01,18220.36
513,203,Marine,2024-04-17,2024-09-22,20503.1
514,112,Workers Comp,2024-08-23,2027-01-28,2289.22
515,217,Marine,2023-10-19,2024-06-24,17659.43
516,278,Auto,2024-06-04,2025-07-17,23397.28
517,36,Liability,2023-09-03,2025-01-25,1277.5
518,210,Property,2023-10-03,2027-05-06,19339.82
519,329,Liability,2023-08-21,2024-02-27,9674.29
520,196,Liability,2023-07-21,2024-04-30,21805.7
521,194,Liability,2023-11-01,2026-04-05,2466.12
522,339,Workers Comp,2024-04-11,2026-04-04,3758.25
523,179,Auto,2024-03-10,2026-04-13,4872.6
524,276,Liability,2024-05-18,2024-10-06,13456.64
525,115,Auto,2023-09-10,2026-11-13,19026.4
526,153,Liability,2023-07-25,2026-06-16,17000.75
527,279,Liability,2024-11-19,2026-04-13,13532.37
528,118,Property,2025-01-22,2027-05-06,11785.32
529,80,Marine,2024-11-02,2025-12-18,5117.77
530,58,Auto,2024-07-02,2024-09-08,20332.22
531,215,Workers Comp,2024-06-10,2027-02-02,19268.31
532,9,Property,2024-04-11,2026-12-12,5549.0
533,52,Workers Comp,2024-11-02,2024-12-20,1322.62
534,307,Auto,2023-08-01,2024-06-21,6495.99
535,23,Liability,2023-10-06,2027-03-15,11254.59
536,277,Property,2023-08-08,2024-12-16,18982.45
537,29,Property,2024-01-29,2027-02-18,12845.45
538,149,Property,2024-07-15,2025-03-11,20486.76
539,295,Marine,2024-06-09,2026-02-09,14648.13
540,345,Marine,2023-08-31,2024-07-02,6304.15
541,74,Workers Comp,2024-10-29,2025-10-27,5915.55
542,154,Marine,2024-07-20,2026-06-13,1993.46
543,303,Property,2024-08-25,2025-06-18,15836.83
544,219,Workers Comp,2024-12-02,2026-10-19,12642.71
545,177,Liability,2024-04-15,2025-10-03,19752.21
546,164,Liability,2023-10-07,2027-04-06,10502.35
547,154,Liability,2023-08-24,2025-12-05,5005.03
548,276,Liability,2023-10-02,2026-08-19,6403.72
549,116,Marine,2023-07-28,2027-02-05,21509.76
550,74,Liability,2025-01-19,2026-11-14,22911.16
551,288,Liability,2023-08-16,2023-10-04,24210.76
552,286,Workers Comp,2024-06-08,2025-04-02,3785.27
553,125,Marine,2024-06-17,2025-11-29,5481.75
554,332,Auto,2023-06-12,2027-01-30,23094.54
555,190,Auto,2024-09-04,2025-01-02,13623.07
556,98,Auto,2023-12-27,2026-04-26,7077.31
557,345,Workers Comp,2024-11-23,2027-01-17,15271.59
558,38,Property,2025-01-11,2026-05-06,20213.94
559,301,Workers Comp,2025-01-15,2026-10-13,5816.9
560,107,Marine,2024-07-16,2026-03-13,7928.11
561,8,Property,2025-04-06,2026-09-03,23460.41
562,61,Liability,2023-06-19,2024-08-19,22903.81
563,310,Property,2025-04-10,2026-03-07,10217.49
564,123,Workers Comp,2025-05-01,2027-04-28,8379.57
565,145,Liability,2023-09-24,2025-10-11,11923.14
566,333,Marine,2024-08-21,2026-03-27,8056.35
567,185,Workers Comp,2025-04-25,2025-05-01,22128.89
568,239,Auto,2024-06-18,2027-01-14,20169.01
569,241,Marine,2024-02-21,2026-11-01,22901.1
570,190,Marine,2025-05-11,2026-01-05,10641.29
571,289,Property,2024-11-19,2026-09-13,18660.68
572,9,Marine,2024-11-05,2026-10-01,14056.13
573,300,Workers Comp,2024-10-22,2026-01-29,18140.29
574,152,Property,2023-08-05,2024-10-15,5306.7
575,118,Liability,2023-10-11,2024-09-30,14459.84
576,126,Liability,2024-10-09,2026-04-24,13990.74
577,351,Marine,2025-03-03,2026-12-09,6804.51
578,251,Liability,2024-04-04,2024-10-22,11790.31
579,181,Property,2024-07-31,2026-05-16,3928.98
580,280,Liability,2023-11-17,2026-05-02,5009.17
581,278,Auto,2024-10-22,2024-11-30,13336.64
582,39,Auto,2025-04-11,2026-05-06,19226.3
583,212,Property,2023-12-28,2025-11-24,21142.35
584,119,Auto,2023-08-01,2026-10-14,17825.65
585,5,Property,2023-08-11,2026-02-27,12890.46
586,192,Auto,2024-08-11,2025-10-15,15636.96
587,342,Workers Comp,2023-09-21,2026-03-31,22862.41
588,338,Liability,2023-12-20,2027-03-29,885.43
589,273,Workers Comp,2024-08-03,2025-07-03,10577.79
590,9,Workers Comp,2025-05-18,2026-11-19,18193.72
591,275,Marine,2024-02-24,2024-09-17,919.99
592,346,Liability,2024-04-23,2026-10-12,20251.11
593,92,Auto,2025-03-31,2026-11-03,22992.2
594,269,Property,2024-01-30,2024-12-03,6403.74
595,318,Workers Comp,2024-02-22,2024-05-18,6684.25
596,182,Marine,2024-08-08,2024-12-05,19975.94
597,41,Marine,2024-06-11,2026-02-22,24002.8
598,236,Workers Comp,2025-02-16,2025-05-12,6458.59
599,116,Marine,2024-05-02,2024-05-10,17259.02
600,42,Auto,2023-10-29,2027-02-23,2790.76
601,195,Liability,2024-06-05,2026-08-29,14041.19
602,29,Auto,2023-10-18,2027-05-15,17719.71
603,43,Liability,2023-12-31,2024-03-15,21210.58
604,331,Marine,2024-11-08,2025-08-20,14363.49
605,49,Workers Comp,2024-06-12,2025-09-20,23019.23
606,118,Property,2024-05-29,2027-04-23,22581.19
607,291,Liability,2024-03-29,2024-05-08,7141.83
608,39,Marine,2025-01-05,2027-02-08,22533.14
609,289,Auto,2025-01-24,2026-12-08,4894.19
610,162,Auto,2024-08-11,2025-07-10,24056.0
611,301,Property,2025-04-15,2026-09-15,18930.23
612,204,Auto,2025-05-11,2027-01-11,7832.28
613,289,Property,2023-11-24,2024-11-14,14384.05
614,200,Workers Comp,2024-01-13,2024-04-24,8627.38
615,72,Auto,2023-11-24,2024-02-19,12769.42
616,178,Auto,2025-02-02,2026-06-11,2893.3
617,119,Auto,2024-07-22,2024-09-14,8844.52
618,315,Workers Comp,2024-03-13,2027-01-25,10219.22
619,168,Auto,2024-12-04,2025-08-13,16036.01
620,231,Liability,2024-04-04,2025-12-18,6089.39
621,284,Liability,2024-07-11,2027-04-13,11080.27
622,349,Workers Comp,2025-03-09,2027-05-07,16686.46
623,44,Workers Comp,2024-04-30,2026-07-08,7736.8
624,127,Auto,2024-11-10,2026-06-19,2509.93
625,79,Liability,2025-04-10,2025-08-25,17936.09
626,325,Property,2023-09-20,2024-03-11,18621.55
627,163,Marine,2023-12-03,2023-12-29,3110.5
628,3,Marine,2023-12-19,2026-11-16,11396.03
629,139,Auto,2023-11-30,2027-01-14,3746.42
630,96,Liability,2025-03-30,2026-05-10,11496.67
631,285,Workers Comp,2023-07-25,2026-05-10,10497.08
632,14,Auto,2025-05-06,2027-01-06,9170.9
633,48,Workers Comp,2023-11-09,2027-03-02,15152.07
634,167,Liability,2023-11-23,2026-06-29,802.35
635,212,Liability,2024-06-15,2024-09-15,19589.64
636,287,Property,2025-03-06,2026-01-18,14513.03
637,87,Liability,2023-06-21,2024-02-25,4652.79
638,138,Marine,2024-02-27,2025-03-14,7075.97
639,75,Auto,2024-12-02,2025-04-19,4596.58
640,142,Liability,2024-12-09,2024-12-19,7843.93
641,40,Marine,2023-08-19,2024-09-19,6666.64
642,127,Liability,2025-04-11,2026-01-10,15048.26
643,101,Liability,2024-12-15,2025-03-14,3120.82
644,156,Auto,2023-11-17,2025-09-21,23746.17
645,171,Workers Comp,2025-04-25,2025-10-28,9807.3
646,169,Liability,2024-03-15,2024-08-06,8701.04
647,334,Workers Comp,2025-05-16,2026-02-14,3835.05
648,165,Workers Comp,2024-11-09,2027-04-02,23708.33
649,103,Liability,2025-02-27,2025-08-19,8197.49
650,204,Marine,2024-03-02,2027-02-17,7640.48
651,325,Liability,2025-02-08,2025-05-02,24210.2
652,125,Marine,2025-02-04,2026-12-16,9713.35
653,202,Marine,2024-10-25,2026-02-05,3290.25
654,289,Property,2024-05-29,2025-06-29,15009.56
655,280,Property,2025-01-28,2026-05-25,17201.96
656,282,Auto,2024-01-09,2026-06-13,23848.61
657,237,Property,2024-09-22,2025-05-02,11242.15
658,150,Auto,2024-09-18,2026-09-09,20564.66
659,210,Liability,2025-03-29,2026-02-20,3909.89
660,156,Property,2023-07-27,2023-11-25,6690.7
661,79,Liability,2023-08-19,2026-07-31,19832.38
662,38,Liability,2024-06-27,2026-07-31,24772.17
663,246,Workers Comp,2024-02-04,2026-01-01,10319.72
664,260,Liability,2025-01-14,2025-03-04,13819.31
665,185,Workers Comp,2024-08-20,2026-09-24,15048.59
666,44,Auto,2023-09-09,2027-01-22,19339.37
667,337,Marine,2025-04-02,2025-05-02,4575.29
668,314,Auto,2024-05-06,2026-12-08,14298.9
669,331,Liability,2024-04-05,2025-10-28,24186.87
670,170,Liability,2024-04-13,2025-08-26,3095.64
671,51,Marine,2024-07-05,2026-02-25,5939.03
672,266,Workers Comp,2024-06-01,2025-01-26,14722.7
673,295,Property,2024-08-27,2025-12-22,11421.57
674,201,Liability,2024-11-12,2026-08-25,19422.38
675,302,Workers Comp,2024-01-24,2026-03-25,4193.25
676,13,Liability,2024-04-08,2025-07-10,3061.46
677,213,Auto,2025-03-10,2025-12-03,3343.7
678,73,Marine,2025-03-12,2026-03-30,8141.31
679,234,Property,2023-10-17,2024-09-12,13267.31
680,179,Liability,2023-08-21,2026-09-02,2891.76
681,232,Marine,2024-07-22,2027-02-07,2145.77
682,23,Auto,2024-09-14,2025-03-08,1053.34
683,176,Auto,2025-04-22,2026-06-09,17089.91
684,85,Property,2024-08-09,2024-09-07,13141.85
685,283,Property,2024-01-29,2024-04-28,8609.25
686,219,Liability,2023-06-04,2024-08-02,6180.46
687,208,Property,2024-03-10,2025-01-04,5066.48
688,337,Liability,2024-11-13,2025-11-10,10191.77
689,315,Property,2024-03-14,2024-03-29,11514.59
690,220,Liability,2024-02-21,2025-10-10,609.03
691,110,Property,2023-09-08,2027-04-02,7319.45
692,33,Workers Comp,2023-10-30,2027-02-14,2992.93
693,275,Property,2025-03-29,2025-12-26,9461.93
694,101,Liability,2024-12-26,2026-03-23,3291.9
695,344,Liability,2024-06-18,2026-01-21,13429.02
696,328,Marine,2024-05-12,2024-10-01,15125.79
697,313,Liability,2023-10-08,2025-06-27,14881.62
698,179,Marine,2025-03-19,2027-05-18,21215.19
699,317,Property,2023-12-19,2027-01-25,20436.59
700,153,Workers Comp,2025-02-24,2026-02-03,14959.12
701,345,Property,2024-04-01,2025-07-15,8173.05
702,123,Marine,2024-10-05,2027-02-23,3365.25
703,192,Property,2025-01-16,2025-12-23,13015.21
704,215,Workers Comp,2025-04-29,2027-04-30,3877.75
705,197,Liability,2023-10-25,2026-02-09,5050.97
706,326,Workers Comp,2023-08-06,2023-10-12,17489.11
707,331,Property,2023-08-26,2025-10-20,14095.36
708,251,Marine,2025-01-16,2026-06-16,3937.27
709,162,Liability,2025-04-11,2027-02-20,15675.54
710,184,Auto,2024-06-11,2025-01-02,12372.92
711,100,Liability,2023-07-10,2026-06-23,24113.81
712,259,Liability,2024-04-09,2025-05-20,10523.79
713,252,Liability,2023-10-22,2026-11-25,17898.49
714,228,Liability,2023-05-28,2025-02-09,4597.71
715,290,Auto,2024-05-14,2026-12-25,19999.08
716,113,Marine,2025-03-08,2025-03-20,1301.03
717,116,Workers Comp,2024-03-20,2027-01-13,7572.42
718,235,Workers Comp,2023-05-27,2026-04-22,18691.7
719,254,Workers Comp,2024-01-07,2024-09-14,13014.75
720,294,Auto,2025-04-13,2026-08-05,7063.28
721,279,Marine,2023-08-05,2024-12-10,13780.06
722,22,Liability,2024-10-13,2025-06-19,13885.66
723,218,Auto,2023-11-04,2024-09-08,18531.72
724,335,Property,2024-09-28,2025-05-03,7793.87
725,17,Liability,2023-11-08,2024-02-28,6938.97
726,45,Liability,2024-01-12,2025-11-14,21699.62
727,61,Property,2024-01-25,2025-04-24,5642.02
728,302,Marine,2024-06-01,2025-08-27,21595.69
729,313,Liability,2024-05-07,2027-05-17,4566.55
730,72,Property,2023-06-21,2025-11-10,20431.48
731,31,Workers Comp,2024-12-09,2025-09-21,9094.98
732,144,Workers Comp,2025-03-23,2026-04-09,13699.83
733,166,Marine,2025-04-26,2026-04-14,7588.66
734,137,Workers Comp,2023-06-17,2024-04-01,24644.46
735,348,Auto,2025-01-10,2026-05-30,3821.93
736,211,Auto,2024-01-02,2024-09-21,24815.91
737,336,Property,2025-02-22,2025-12-08,17684.95
738,68,Property,2024-01-16,2024-11-21,4082.96
739,165,Property,2024-12-25,2027-05-14,19156.1
740,347,Liability,2023-10-06,2023-12-01,12491.74
741,296,Marine,2024-01-08,2024-06-16,15881.41
742,193,Liability,2023-11-18,2025-12-22,2350.15
743,48,Liability,2023-12-04,2025-12-01,13132.53
744,143,Marine,2024-08-14,2026-02-11,11640.04
745,250,Marine,2024-07-28,2025-01-02,14757.91
746,48,Liability,2023-10-25,2024-11-04,16053.59
747,184,Auto,2024-09-11,2025-07-16,19994.11
748,204,Property,2024-02-03,2025-05-06,24219.15
749,109,Liability,2023-12-13,2026-07-16,7079.15
750,146,Marine,2023-11-27,2026-08-14,13909.11
751,67,Workers Comp,2024-12-11,2026-03-31,21384.35
752,176,Auto,2023-06-23,2025-01-05,1625.6
753,321,Liability,2023-06-07,2025-01-30,898.89
754,81,Liability,2024-12-31,2025-12-28,11684.69
755,220,Property,2024-11-04,2025-09-29,24894.5
756,68,Marine,2024-09-24,2025-10-09,4394.95
757,141,Auto,2025-05-11,2026-08-07,16537.41
758,129,Auto,2024-05-28,2025-06-15,9610.17
759,333,Property,2024-01-24,2024-09-09,1768.79
760,321,Marine,2023-05-27,2023-07-31,18286.71
761,120,Liability,2023-12-30,2024-05-06,16559.39
762,49,Auto,2025-01-29,2026-05-29,5728.82
763,40,Property,2025-04-22,2027-04-12,15045.15
764,266,Liability,2023-12-05,2026-06-10,727.53
765,176,Auto,2024-11-05,2025-10-14,24709.8
766,217,Property,2024-04-13,2025-02-01,12203.66
767,118,Liability,2024-05-25,2025-01-09,2688.61
768,53,Auto,2024-03-14,2025-01-24,8177.11
769,154,Property,2023-11-24,2024-11-22,9876.67
770,69,Property,2025-02-03,2026-10-08,2176.08
771,289,Auto,2024-08-10,2026-12-19,15452.82
772,85,Liability,2024-10-02,2026-05-11,9104.1
773,110,Property,2025-01-26,2025-09-28,23037.41
774,316,Liability,2024-07-15,2026-08-28,21569.08
775,45,Auto,2024-05-05,2025-08-16,3930.32
776,64,Workers Comp,2025-05-13,2027-03-25,18385.22
777,180,Liability,2024-11-15,2025-07-17,8205.34
778,72,Property,2023-07-03,2027-04-15,7285.71
779,44,Property,2023-05-26,2023-12-31,14058.22
780,308,Workers Comp,2025-01-10,2025-08-11,7480.56
781,14,Marine,2024-07-26,2026-11-06,5533.42
782,311,Workers Comp,2024-03-09,2026-02-03,5121.84
783,201,Marine,2023-06-09,2024-09-30,16331.16
784,123,Liability,2023-12-16,2026-11-06,9954.2
785,124,Liability,2024-03-03,2025-07-24,16133.02
786,37,Workers Comp,2023-09-08,2024-01-30,22273.75
787,7,Marine,2023-10-13,2025-04-29,23381.15
788,68,Liability,2025-02-24,2026-05-31,21589.94
789,292,Liability,2024-01-11,2024-01-13,9452.61
790,350,Property,2025-02-13,2027-04-07,19186.79
791,38,Auto,2024-08-01,2025-12-07,14890.41
792,8,Marine,2023-08-19,2023-11-16,5785.7
793,31,Liability,2025-04-20,2026-01-15,12911.96
794,322,Workers Comp,2024-07-21,2026-06-28,19294.2
795,217,Liability,2024-10-22,2026-04-10,2519.48
796,275,Workers Comp,2025-04-30,2025-12-21,15593.15
797,143,Auto,2024-11-14,2026-12-30,8092.72
798,262,Property,2023-08-11,2024-07-13,24370.68
799,80,Workers Comp,2024-12-21,2026-10-07,8505.38
800,301,Auto,2023-11-19,2025-09-12,8099.15
801,224,Property,2024-03-03,2025-08-21,1918.7
802,45,Liability,2023-10-20,2025-06-29,3341.67
803,314,Workers Comp,2023-12-28,2026-09-18,1848.2
804,342,Property,2023-06-03,2024-06-26,3426.35
805,71,Auto,2023-12-07,2027-01-21,4513.9
806,178,Workers Comp,2024-10-29,2025-07-16,13171.96
807,133,Property,2025-01-16,2027-04-03,9610.8
808,138,Auto,2024-11-12,2025-09-25,19400.04
809,16,Marine,2023-12-31,2025-09-25,20274.14
810,140,Workers Comp,2023-06-16,2026-05-22,2064.86
811,296,Auto,2024-10-04,2027-04-30,12655.62
812,262,Marine,2023-06-19,2024-07-26,1858.26
813,291,Property,2025-03-15,2026-12-23,9508.35
814,131,Auto,2024-05-02,2026-08-24,22409.58
815,346,Auto,2025-03-19,2026-08-03,6095.91
816,261,Auto,2024-01-23,2026-04-26,1578.93
817,7,Property,2024-11-14,2025-05-24,1626.55
818,187,Liability,2024-10-16,2024-10-17,23045.55
819,92,Auto,2024-02-24,2024-06-28,14045.19
820,336,Liability,2023-07-08,2024-02-10,6000.63
821,128,Liability,2024-03-28,2025-10-18,22938.44
822,164,Marine,2024-07-31,2025-11-22,20736.93
823,293,Marine,2024-04-05,2027-03-09,3425.32
824,345,Auto,2023-10-05,2024-09-25,4893.94
825,265,Auto,2025-01-31,2026-01-24,23874.95
826,36,Liability,2023-08-19,2025-08-08,21717.79
827,160,Marine,2023-08-17,2023-08-27,2616.45
828,234,Auto,2024-04-27,2024-10-28,9538.52
829,150,Workers Comp,2024-10-20,2025-11-11,19720.43
830,319,Property,2024-03-12,2024-06-25,11866.2
831,303,Liability,2024-08-23,2026-03-07,24945.78
832,101,Workers Comp,2025-01-24,2026-08-25,19131.81
833,126,Property,2025-05-06,2026-05-26,656.26
834,210,Auto,2025-05-14,2025-05-18,6208.44
835,178,Auto,2023-11-05,2026-03-06,23799.26
836,1,Liability,2024-05-26,2025-04-26,21300.65
837,158,Auto,2024-12-04,2027-01-21,5527.26
838,122,Liability,2024-10-18,2026-02-03,12554.71
839,31,Property,2023-11-03,2027-02-09,17935.49
840,48,Auto,2024-04-18,2027-02-10,23071.22
841,267,Liability,2024-02-01,2026-06-12,17670.75
842,191,Liability,2024-04-16,2025-03-05,24376.59
843,44,Workers Comp,2024-01-24,2024-12-19,2841.64
844,69,Liability,2024-01-19,2024-07-11,2333.35
845,291,Auto,2023-10-11,2026-05-23,11157.08
846,67,Property,2024-12-15,2024-12-17,7646.06
847,162,Liability,2024-10-31,2025-09-25,17667.78
848,168,Marine,2024-04-27,2026-11-08,11592.57
849,120,Auto,2025-04-24,2026-03-17,23617.09
850,70,Workers Comp,2024-04-15,2024-06-13,3169.83
851,55,Property,2025-01-28,2025-07-18,11514.39
852,161,Liability,2025-03-09,2027-03-30,3458.05
853,184,Property,2025-01-30,2025-09-27,11571.97
854,238,Marine,2024-09-21,2026-10-09,21385.81
855,47,Property,2024-04-20,2025-01-13,20286.12
856,156,Workers Comp,2023-09-21,2027-04-29,1488.08
857,168,Property,2023-08-25,2027-05-22,2734.72
858,128,Marine,2024-06-01,2024-06-14,10207.99
859,26,Marine,2025-05-02,2026-09-11,6874.09
860,90,Auto,2023-08-17,2026-01-18,23826.37
861,232,Workers Comp,2024-02-24,2026-04-10,18827.92
862,128,Auto,2023-08-23,2024-01-20,11820.06
863,72,Auto,2024-02-03,2025-10-19,792.94
864,114,Property,2025-04-20,2025-09-16,5354.26
865,206,Marine,2024-10-20,2026-08-19,17313.99
866,331,Auto,2024-02-01,2025-04-17,14766.93
867,133,Auto,2023-12-12,2026-11-25,1034.1
868,34,Property,2023-07-31,2024-11-19,22611.15
869,228,Property,2025-01-14,2026-08-06,2753.48
870,170,Auto,2023-08-28,2024-05-23,1546.06
871,237,Auto,2023-07-18,2024-11-08,4615.74
872,294,Liability,2024-12-11,2025-10-19,20631.29
873,203,Liability,2025-05-15,2025-07-26,1222.32
874,350,Liability,2024-04-21,2027-04-02,4733.78
875,110,Property,2023-10-26,2024-09-21,7237.05
876,229,Property,2025-01-24,2025-11-19,1348.91
877,318,Workers Comp,2024-01-18,2025-06-03,6521.73
878,152,Liability,2023-06-28,2026-05-20,10593.81
879,282,Liability,2023-09-07,2024-09-27,1993.99
880,144,Liability,2024-12-12,2027-01-24,3862.28
881,103,Workers Comp,2025-01-04,2026-01-04,6604.12
882,279,Auto,2023-08-01,2026-02-25,24740.39
883,184,Liability,2024-06-15,2027-03-08,13840.69
884,249,Marine,2023-12-02,2026-11-13,22860.59
885,258,Marine,2025-04-07,2026-03-16,10015.34
886,93,Auto,2025-02-22,2026-03-19,8312.5
887,113,Auto,2024-12-08,2025-04-30,22446.24
888,144,Auto,2024-07-09,2025-06-14,20312.02
889,242,Workers Comp,2024-07-28,2025-03-23,9257.11
890,300,Property,2024-01-09,2025-03-29,24362.51
891,52,Property,2025-01-09,2026-04-15,16593.18
892,137,Workers Comp,2024-06-12,2024-09-06,20498.99
893,29,Property,2023-08-03,2025-10-07,14604.46
894,199,Marine,2023-12-27,2024-12-17,23412.55
895,89,Property,2025-03-10,2025-08-20,6295.5
896,163,Marine,2023-06-08,2026-10-12,22892.51
897,15,Marine,2025-03-04,2026-01-16,23715.19
898,289,Property,2024-10-21,2027-02-02,14296.17
899,97,Liability,2024-06-23,2025-12-04,13782.05
900,90,Liability,2023-07-13,2027-02-28,1430.11
901,29,Property,2024-02-06,2024-02-26,15240.74
902,11,Workers Comp,2025-05-05,2026-06-19,12210.73
903,170,Workers Comp,2024-12-21,2025-12-21,5435.88
904,67,Marine,2023-07-16,2027-01-17,18064.97
905,166,Auto,2024-10-13,2026-11-10,1036.87
906,301,Property,2023-07-18,2024-05-26,19471.98
907,270,Marine,2025-03-02,2026-07-28,24033.69
908,192,Liability,2025-03-17,2026-02-11,14857.41
909,173,Marine,2025-05-18,2026-11-07,8403.78
910,81,Liability,2023-12-03,2024-05-15,19900.14
911,250,Marine,2024-12-10,2027-03-10,4767.97
912,288,Workers Comp,2024-08-01,2026-04-24,19781.3
913,115,Workers Comp,2025-04-24,2025-05-22,20454.13
914,194,Marine,2023-08-06,2026-07-19,18482.88
915,151,Property,2024-09-08,2026-04-06,4853.85
916,1,Workers Comp,2024-03-07,2026-11-10,10094.23
917,291,Auto,2023-10-17,2023-12-27,4961.0
918,163,Workers Comp,2024-03-06,2024-12-22,5911.93
919,290,Auto,2024-12-23,2026-01-20,23448.85
920,73,Marine,2024-12-26,2026-05-30,18760.91
921,122,Marine,2024-10-05,2025-07-08,24568.3
922,86,Auto,2024-06-30,2027-02-03,20630.71
923,344,Marine,2023-08-08,2026-11-02,11442.43
924,136,Property,2023-11-05,2026-02-11,6613.75
925,35,Marine,2024-01-12,2024-06-08,6788.12
926,56,Auto,2025-05-09,2025-06-27,1679.61
927,225,Liability,2024-09-12,2026-03-23,24242.99
928,212,Liability,2024-03-08,2026-09-28,22103.38
929,180,Workers Comp,2025-04-03,2026-08-24,9696.02
930,246,Workers Comp,2024-01-13,2026-02-12,16448.75
931,352,Property,2025-01-13,2025-08-21,4485.08
932,38,Auto,2025-04-30,2026-04-06,7725.26
933,164,Marine,2025-04-28,2027-04-04,23815.72
934,38,Marine,2025-03-04,2026-07-11,4667.58
935,193,Property,2024-07-26,2025-02-01,18433.63
936,281,Auto,2023-12-24,2025-09-09,8779.79
937,315,Liability,2024-09-26,2026-02-21,17760.36
938,221,Property,2024-08-07,2024-12-05,15379.28
939,223,Property,2023-06-20,2025-06-24,1812.12
940,170,Property,2024-03-26,2026-01-09,24372.76
941,210,Workers Comp,2024-09-02,2026-10-31,18189.93
942,277,Marine,2025-04-12,2025-11-28,16684.65
943,153,Property,2024-08-30,2025-10-21,2849.94
944,202,Workers Comp,2024-12-21,2026-06-07,13966.73
945,252,Property,2024-08-03,2024-10-28,1835.37
946,2,Liability,2023-07-14,2024-04-30,2646.89
947,339,Workers Comp,2024-07-22,2026-01-20,12268.05
948,50,Auto,2024-11-17,2026-03-01,5570.35
949,327,Marine,2024-03-28,2025-03-21,24437.91
950,243,Auto,2023-11-06,2025-05-20,8054.66
951,204,Liability,2023-07-11,2026-01-02,12482.87
952,339,Marine,2024-02-29,2026-02-18,2732.85
953,279,Liability,2024-03-11,2025-08-11,5029.59
954,196,Marine,2024-09-13,2025-04-06,5071.28
955,23,Marine,2024-09-17,2025-01-31,11273.64
956,135,Property,2024-08-11,2024-11-24,21008.43
957,289,Auto,2024-07-01,2025-09-27,4202.7
958,342,Auto,2024-08-29,2026-11-12,2599.83
959,177,Workers Comp,2024-03-31,2025-11-27,10642.67
960,302,Property,2024-05-11,2024-08-04,14063.25
961,199,Workers Comp,2023-12-20,2024-04-25,10756.49
962,275,Liability,2023-07-12,2025-03-24,14531.5
963,121,Liability,2024-11-25,2025-09-23,7821.88
964,203,Auto,2024-06-30,2025-08-11,12801.49
965,265,Workers Comp,2023-09-30,2026-02-03,17099.6
966,318,Property,2023-12-15,2024-10-10,3446.91
967,230,Property,2024-08-20,2025-06-30,23752.01
968,86,Property,2025-01-13,2025-05-10,20307.29
969,65,Auto,2023-11-06,2026-04-18,10872.69
970,350,Liability,2024-05-19,2025-09-08,5447.02
971,322,Property,2023-09-08,2026-05-25,20935.65
972,133,Marine,2025-04-10,2026-03-07,22814.71
973,35,Auto,2023-08-22,2026-08-21,10008.43
974,204,Workers Comp,2025-03-14,2025-07-02,8490.11
975,142,Workers Comp,2024-11-26,2026-04-10,11724.85
976,7,Workers Comp,2024-09-23,2025-07-03,14895.61
977,215,Auto,2023-10-07,2027-01-17,10653.84
978,76,Workers Comp,2025-04-12,2025-06-06,14904.39
979,52,Auto,2023-06-16,2026-09-25,14285.75
980,52,Marine,2024-07-28,2025-05-09,21753.14
981,177,Liability,2025-02-05,2026-08-02,6971.35
982,336,Liability,2024-02-04,2025-10-15,14514.57
983,243,Auto,2024-02-11,2024-04-21,4718.89
984,207,Property,2025-04-07,2026-06-20,15646.99
985,349,Liability,2023-06-07,2027-03-05,1450.17
986,170,Property,2023-11-23,2024-08-05,1707.63
987,244,Marine,2025-04-25,2026-01-06,22477.27
988,11,Marine,2024-04-28,2027-05-07,20525.96
989,156,Marine,2024-09-29,2026-05-04,7368.49
990,252,Auto,2024-07-26,2025-08-23,24326.17
991,117,Property,2023-10-01,2024-12-21,7861.77
992,227,Marine,2023-09-18,2026-01-31,7100.79
993,214,Workers Comp,2024-09-29,2025-11-30,16316.09
994,97,Liability,2023-11-27,2025-03-22,5679.07
995,209,Liability,2024-02-06,2026-05-26,19107.59
996,192,Auto,2024-01-14,2025-05-17,13124.11
997,82,Auto,2024-07-23,2027-03-23,8122.52
998,260,Liability,2024-06-05,2027-04-07,3823.42
999,269,Workers Comp,2025-04-25,2025-09-14,1209.23
1000,99,Property,2023-08-14,2026-09-11,21005.93
1001,128,Auto,2025-03-26,2025-06-05,11682.99
1002,185,Property,2024-11-22,2025-04-09,7212.45
1003,238,Workers Comp,2024-11-09,2027-01-01,10225.09
1004,64,Auto,2024-04-14,2026-03-30,6427.48
